subreddit,title,score,num_comments,created_utc,url
Music,Nicki Minaj is going all in for MAGA while Trump‚Äôs covert drug war is devastating her homeland of Trinidad,25144,1132,1763648513.0,https://www.the-independent.com/news/world/americas/us-politics/nicki-minaj-maga-trump-drug-boats-trinidad-b2868129.html
Music,"Lizzo with a direct message to Trump supporters: ‚ÄúIf you voted MAGA, don‚Äôt play my music.‚Äù",15257,952,1763651561.0,https://dailymetro.co.uk/2025/11/20/lizzo-with-a-direct-message-to-trump-supporters-if-you-voted-maga-dont-play-my-music/
Music,Ariana Grande Tests Positive for COVID During 'Wicked' Press Tour,1380,304,1763681377.0,https://www.ibtimes.co.uk/ariana-grande-tests-positive-covid-during-wicked-press-tour-1756810
Music,Pharrell Williams Condemned Trump Rally Music Use: ‚ÄòI Will NOT Grant You Permission‚Äô,1350,39,1763661685.0,https://indfirstnews.com/2025/11/20/pharrell-williams-condemned-trump-rally-music-use-i-will-not-grant-you-permission/
Music,Fugees Rapper Pras Michel Sentenced to 14 Years in Prison,458,66,1763675991.0,https://www.billboard.com/pro/fugees-rapper-pras-michel-sentenced-14-years-prison/
Music,Keith Urban Performs ‚ÄòGay Anthem‚Äô at Trump‚Äôs Mar-a-Lago,1641,157,1763645136.0,https://indfirstnews.com/2025/11/20/keith-urban-performs-gay-anthem-at-trumps-mar-a-lago/
Music,The Stone Roses bassist Gary 'Mani' Mounfield dies aged 63,591,94,1763654026.0,https://www.dailymail.co.uk/tvshowbiz/article-15310345/The-Stone-Roses-bassist-Gary-Mani-Mounfield-dies.html
Music,‚ÄòDid I tell you to be my fan?‚Äô: Burna Boy brutally responds after kicking woman out of show,1051,397,1763639558.0,https://thetab.com/2025/11/20/did-i-tell-you-to-be-my-fan-burna-boy-brutally-responds-after-kicking-woman-out-of-show
Music,Children Banned from Singing KPop Demon Hunters Songs at Christian School Due to Demonic References,577,225,1763649919.0,https://consequence.net/2025/11/kpop-demon-hunters-banned-christian-school/
Music,Fugees rapper Pras Michel sentenced to 14 years in prison,69,26,1763682385.0,https://ew.com/fugees-rapper-pras-michel-sentenced-to-14-years-in-prison-11854194
Music,Kaiju Cant Die - Violent Hostile Situation 2 [HipHop],110,1,1763672991.0,https://music.apple.com/us/album/violent-hostile-situation-2-vhs2/1851375270
Music,"Universal, Warner and Sony strike licensing deals with fake music startup Klay.",54,17,1763675589.0,http://variety.com/2025/music/news/universal-warner-sony-strike-licensing-deals-ai-klay-1236586934
Music,Nicki Minaj faces backlash after accepting role in Trump administration,31279,2245,1763566224.0,https://azexpress.net/en/posts/1348/nicki-minaj-faces-backlash-after-accepting-role-in-trump-administration
Music,Al Stewart is Criminally Underrated!,24,12,1763688423.0,https://www.reddit.com/r/Music/comments/1p2lf6w/al_stewart_is_criminally_underrated/
Music,The Stone Roses - She Bangs The Drums [Madchester alt rock],71,3,1763657195.0,https://youtu.be/wD6Pq0bSMPo
Music,Listened to The Miseducation of Lauryn Hill for the first time.,57,43,1763658919.0,https://www.reddit.com/r/Music/comments/1p28wbj/listened_to_the_miseducation_of_lauryn_hill_for/
Music,Ozzy Osbourne's Son Louis Reveals Scrapped Madonna Duet Exists: 'It Was When Dad Was Popping in the '80s',30,3,1763670192.0,https://people.com/ozzy-osbourne-son-louis-reveals-scrapped-madonna-duet-exists-11853809?utm_campaign=peoplemagazine&utm_medium=social&utm_source=reddit.com&utm_content=post
Music,The Stone Roses and Primal Scream bassist Gary 'Mani' Mounfield dies aged 63,68,14,1763654867.0,https://www.themirror.com/entertainment/celebrity-news/breaking-gary-mounfield-dies-63-1516727
Music,Smokey Robinson faces fresh accusations of sexual assault from male and female former employees,37,15,1763656949.0,https://www.the-independent.com/arts-entertainment/music/news/smokey-robinson-sexual-battery-accusers-b2869218.html
Music,The singer Sinead O'Connor was one of the last 'graduates' of one of these places. Testimony review ‚Äì a devastating expos√© of the Irish church‚Äôs brutal Magdalene laundries.,979,33,1763590017.0,https://www.theguardian.com/film/2025/nov/19/testimony-review-a-devastating-expose-of-the-irish-churchs-brutal-magdalene-laundries
Music,Jesse Welles - Red [Country/Folk] (Live at The Late Show),188,140,1763622096.0,https://www.youtube.com/watch?v=IWb3vCfK_jI
Music,The Weeknd's 'After Hours Til Dawn Tour' Surpasses $1 Billion,14,10,1763659759.0,https://variety.com/2025/music/news/the-weeknd-after-hours-til-dawn-tour-surpasses-1-billion-1236586696/
Music,Lo Fidelity Allstars feat Pigeonhed - Battle Flag [Big beat],4,2,1763686542.0,https://www.youtube.com/watch?v=UpXuFTQ_suI
Music,"The Stone Roses' Gary 'Mani' Mounfield has Died, Aged 63",12,6,1763664841.0,https://thequietus.com/news/the-stone-roses-gary-mani-mounfield-has-died-aged-63/
Music,"Gary ‚ÄòMani‚Äô Mounfield, the Stone Roses and Primal Scream bassist, dies aged 63",13,2,1763663056.0,https://www.theguardian.com/music/2025/nov/20/gary-mani-mounfield-the-stone-roses-and-primal-scream-bassist-dies-aged-63
Music,Mastodon - Blood and Thunder [Sludge Metal] (2004),7,0,1763674985.0,https://youtu.be/fnwZca8z9II?si=IK0iotgMda59gaoo
Music,Greg Ginn Picked Black Flag's New Singer After Seeing Her in the Crowd Screaming Along to Every Word at a Black Flag Show,433,64,1763593637.0,https://consequence.net/2025/11/black-flag-new-singer-picked-from-crowd/
Music,Nancy Sinatra - Sugar Town [ 60s Pop / Dixiland Jazz ] (1966),6,1,1763678678.0,https://youtu.be/fkotifP_AKI?si=mK2QGLjpKJYhj2Px
Music,You're not just old. Music since the late '90s has degraded in quality. REPEAL THE TELECOMMUNICATIONS ACT OF 1996!,719,144,1763580878.0,https://www.reddit.com/r/Music/comments/1p1hen1/youre_not_just_old_music_since_the_late_90s_has/
Music,"Purely AI-generated music and ""artists"" need attribution",19,1,1763651610.0,https://www.reddit.com/r/Music/comments/1p25o7s/purely_aigenerated_music_and_artists_need/
Music,Stone roses bassist Mami dies,14,12,1763658561.0,https://share.google/nJvHFXB5ztvDRwF35
Music,"Diddy Writing 'Revenge' Book Behind Bars, 'Freak Off' Guests To Be Named: Report",2342,146,1763553311.0,https://www.ibtimes.co.uk/diddy-writing-revenge-book-behind-bars-freak-off-guests-named-report-1756402
Music,The Brazilian Music Subreddit top 100 albums.,7,7,1763666602.0,https://www.reddit.com/r/Music/comments/1p2ce2w/the_brazilian_music_subreddit_top_100_albums/
Music,"Live Nation/Ticketmaster file for summary judgement, seeking to kill federal antitrust lawsuit",17,1,1763648537.0,https://www.ticketnews.com/2025/11/live-nation-files-for-summary-judgement-seeking-to-kill-federal-antitrust-case/
Music,"Ozzy Osbourne's Son Says He Entered Rehab At 17 After Taking 'A Lot of Pills, A Lot Of Alcohol'",661,103,1763575935.0,https://www.ibtimes.co.uk/ozzy-osbournes-son-says-he-entered-rehab-17-after-taking-lot-pills-lot-alcohol-1756524
Music,Anthrax - Who Cares Wins [Thrash Metal],2,1,1763688132.0,https://youtu.be/gtD_GUvu-wc?si=dJhxTUEq4PQkI1iK
Music,Margo Price - All American Made [Country/Protest],3,2,1763679867.0,https://www.youtube.com/watch?v=Es9oIFMMx9g
Music,Fugees‚Äô Pras Michel sentenced to 14 years in prison for conspiracy,2,0,1763687160.0,https://www.independent.co.uk/news/world/americas/fugees-pras-michel-sentencing-obama-campaign-b2869551.html
Music,John Oliver auctioning off bidet signed by Gwar's Bl√∂thar to raise funds for public media,1030,18,1763564485.0,https://www.nme.com/news/tv/john-oliver-auctioning-bidet-signed-by-gwar-blothar-raise-funds-public-broadcasting-3909853
Music,Tove Lo - Moments [pop] (2015),2,0,1763686389.0,https://youtu.be/W8tbQgXyn1c
Music,"Smokey Robinson, 85, accused of sexual battery by man as two former workers join explosive lawsuit",393,56,1763582783.0,https://www.dailymail.co.uk/tvshowbiz/article-15304587/Smokey-Robinson-accused-sexual-battery-man.html
Music,Ailing '80s Rock Icon's Son Begs for Help From Fans: 'Please Do What You Can',4,6,1763670919.0,https://www.yahoo.com/entertainment/music/articles/ailing-80s-rock-icons-son-143805733.html
Music,Brazilwood: A Brazilian Perspective,4,0,1763675483.0,https://www.reddit.com/r/Music/comments/1p2gaf9/brazilwood_a_brazilian_perspective/
Music,MAYK√ò - Bammetje Kaas [HARDCORE],2,0,1763679785.0,https://youtube.com/watch?v=LfZMlxlSXHY&si=tRg2lTqVNpNqmrMB
Music,Pink Floyd - Pigs On The Wing (Parts 1 & 2) [Psych Rock],10,0,1763650020.0,https://www.youtube.com/watch?v=3po6131Opko
Music,Album Review ‚Äì YoDogg & Cardo Got Wings ‚Äì Raised By Wolves 2...An Excellent Sequel that doesn‚Äôt outshine the original,1,0,1763689639.0,https://hiphophighsociety.com/2025/11/20/album-review-yodogg-cardo-got-wings-raised-by-wolves-2/
Music,The Jam - To be someone [New wave],10,1,1763644422.0,https://www.youtube.com/watch?v=umssesXWCe0
Music,Obscure trance song,1,2,1763689297.0,https://www.reddit.com/r/Music/comments/1p2lqay/obscure_trance_song/
Music,WildHeartStudio- - Machu Picchu [Tropical House],0,2,1763688894.0,https://youtube.com/shorts/7M9whOM52EE?si=u9787yQB1slybgXi
Music,YEAHHHHH,0,0,1763687551.0,/r/indie/comments/1p2kqyc/hey_guys_i_made_a_cover_of_a_song/
Music,The Bug Club - Beep Boop Computers [Indie Rock],1,0,1763686038.0,https://youtu.be/4E27tUYc5G8?si=CbgD14pp7BOql6bg
Music,Zach Bryan Reveals He Hasn‚Äôt Drank In 2 Months: ‚ÄúMade The Decision To Do Something About My Toxic Relationship With Booze‚Äù | Whiskey Riff,119,32,1763591737.0,https://www.whiskeyriff.com/2025/11/18/zach-bryan-reveals-hes-hasnt-drank-2-two-months-made-the-decision-to-do-something-about-my-toxic-relationship-with-booze/
Music,Darkpop/metalcore female fronted artist,0,0,1763684986.0,https://www.reddit.com/r/Music/comments/1p2k4fk/darkpopmetalcore_female_fronted_artist/
Music,Matt Maeson - Cursive (feat. Manchester Orchestra) [Official Video],1,0,1763684556.0,https://youtu.be/Vx5yIRw4HoU?si=i-mCqixovFYgo1n-
Music,Elysia - Killing Grounds [FULL EP],1,0,1763684009.0,https://youtu.be/lzESETNQbYY?si=D_6U7_S9xFrfMgCA
Music,The Dillinger Escape Plan & Mike Patton - When Good Dogs Do Bad Things [Mathcore],11,0,1763638205.0,https://www.youtube.com/watch?v=Tt9QEXuuEL4
Music,Sturgill Simpson - You Can Have The Crown / Some Days [country],50,9,1763605889.0,https://youtu.be/tNV16tz1NK0?si=G8tTtTFcScrIHC2M
Music,The Offspring - Self Esteem [Punk],6,0,1763647851.0,https://youtu.be/EtNZnhxWLHo?si=FrujFxOkw8EMLaCT
Music,Attic Music- Soulrise,1,0,1763681096.0,/r/proghouse/comments/1p1rxax/attic_music_soulrise/
Music,"Outlawd45 - Ba Da Da [Rap,Hiphop] (2024)",1,0,1763680289.0,https://youtu.be/zTvdwrsE83M?si=UUaZ0jrttz54u1NO
Music,Yakov Berger - Rolling Grace [Neoclassical],0,0,1763680081.0,https://youtube.com/watch?v=aZ2vzb_Ty0s&si=jSAhOSH3NfKP2ZhD
Music,Yal√ßƒ±n Konuk - Isola (Moon Remix) [Electronic],0,0,1763679973.0,https://open.spotify.com/track/0rtBTuUyFOQFlJ1VYlCBji?si=2f9de570930c47ba
Music,Insane Clown Posse - Your Rebel Flag [rap](1992),1,0,1763679859.0,https://www.youtube.com/watch?v=gUdaazr8amU
Music,33 rea√ß√µes | Tears For Fears - Pale Shelter (Tradu√ß√£o) | As Melhores do Flash Black,0,0,1763679572.0,https://www.facebook.com/share/v/1HFdgZ2Lv2/
Music,Looking for a late-90s/early-2000s music video with a female singer in a dark green interrogation room,20,15,1763620864.0,https://www.reddit.com/r/Music/comments/1p1w9qy/looking_for_a_late90searly2000s_music_video_with/
Music,Is 100x Hospitality legit? Any real experiences?,0,0,1763676551.0,https://www.reddit.com/r/Music/comments/1p2gqyy/is_100x_hospitality_legit_any_real_experiences/
Music,Long gone - cutie [alternative],0,0,1763676472.0,https://www.youtube.com/watch?v=7XQ5C9D7uBA
Music,How do I turn my love and memorization for music and lyrics into a career?,0,1,1763688519.0,/r/Advice/comments/1p2l02l/how_do_i_turn_my_love_and_memorization_for_music/
Music,Red Hot Chili Peppers - Blood Sugar Sex Magik (Live at Woodstock '94) [Funk Rock],0,2,1763661385.0,https://youtu.be/q3cQ9_i3OEk?si=4g-37Yfg8-avHcgp
Music,Why Is Bob Dylan Feuding With One of His Most Popular Fan Accounts?,60,58,1763593219.0,https://www.vulture.com/article/bob-dylan-daily-dylan-feud.html
Music,Pursuing His Passion: Liam Sheridan and His Music Journey,0,0,1763673719.0,https://theforestscout.com/57852/in-lfhs/pursuing-his-passion-liam-sheridan-and-his-music-journey/
Music,The Velvet Underground & Nico - Heroin [Art Rock],9,0,1763632621.0,https://m.youtube.com/watch?v=foptT2bsKww
Music,Singer D4vd considered suspect in investigation of teen found dead in his Tesla: Sources,4257,464,1763509935.0,https://abcnews.go.com/US/singer-d4vd-considered-suspect-investigation-teen-found-dead/story?id=126591951
Music,A song that reminds you,1,1,1763671970.0,https://www.reddit.com/r/Music/comments/1p2eraa/a_song_that_reminds_you/
Music,Have you ever found a song that feels like someone quietly telling you ‚Äúdon‚Äôt give up‚Äù?,112,327,1763578977.0,https://www.reddit.com/r/Music/comments/1p1gjww/have_you_ever_found_a_song_that_feels_like/
Music,Looking for a response song to 'Another Love¬¥? Advice?,0,0,1763669994.0,https://www.reddit.com/r/Music/comments/1p2dwk8/looking_for_a_response_song_to_another_love_advice/
Music,Mazza L20 X Ed Matthews - Global Shutdown [UK drill/rap],0,0,1763669512.0,https://m.youtube.com/watch?v=1do2wUu9744&pp=ygURZWQgbWF0dGhld3MgbWF6emE%3D
Music,Pixies Festival Hall last night,0,0,1763669494.0,/r/melbournemusic/comments/1p2do5w/pixies_festival_hall_last_night/
Music,The White Stripes - Blue Orchid [Garage Rock],36,2,1763598212.0,https://youtu.be/hkKSagYpf9A?si=EK0L2jb2SR8sShs5
Music,Very ashamed of myself for disregarding Chester until it was too late,0,0,1763690579.0,https://www.reddit.com/r/Music/comments/1p2m6s9/very_ashamed_of_myself_for_disregarding_chester/
Music,Myd - Song for You [House],6,0,1763637634.0,https://www.youtube.com/watch?v=GfHMn3mzC24
Music,Teddie Ericsson - Saknar Dig [pop],0,0,1763668461.0,https://www.youtube.com/watch?v=3Vl4DkWGUt0
Music,New Music for older gentleman,30,180,1763600604.0,https://www.reddit.com/r/Music/comments/1p1pmaw/new_music_for_older_gentleman/
Music,AI ripped our bands brand and is copycatting us,959,248,1763534031.0,https://www.reddit.com/r/Music/comments/1p10adb/ai_ripped_our_bands_brand_and_is_copycatting_us/
Music,Download of concert show from Veeps,0,8,1763667706.0,https://www.reddit.com/r/Music/comments/1p2cvxe/download_of_concert_show_from_veeps/
Music,Daily Music - Shattermode [cybertrap],1,0,1763666271.0,https://soundcloud.com/daily_music_vibe/shattermode
Music,Homeostasis - Pillow [indie rock],0,0,1763665147.0,https://open.spotify.com/album/4RRGQyEZMVEmMssm1VXbKs?si=G6WdvZj0S3ahXM8u7r4KFg
Music,Switching to Owning all my music,0,1,1763664135.0,/r/DataHoarder/comments/1p2b90u/switching_to_owning_all_my_music/
Music,Bob Dylan - Shelter from the Storm [Folk],6,0,1763632147.0,https://youtu.be/-gsDBuHwqbM
Music,Question about a song that reminds me of another song!,1,0,1763663266.0,https://www.reddit.com/r/Music/comments/1p2at3r/question_about_a_song_that_reminds_me_of_another/
Music,"An Independent artist here, looking for feedbacks:)!",0,1,1763663003.0,https://www.reddit.com/r/Music/comments/1p2aoyy/an_independent_artist_here_looking_for_feedbacks/
Music,The Casket Lottery - Trust Nolan [post-hardcore],1,0,1763661719.0,https://youtu.be/LOKmtI9oMqQ?si=19vUPMWXBC1-0FNg
Music,Asela Perera - Impossible Standards [Indie/Alternative],1,0,1763661629.0,https://www.youtube.com/watch?v=0s_noqFmS1Y
Music,That mic save tho,0,1,1763660807.0,https://www.reddit.com/r/Music/comments/1p29q0a/that_mic_save_tho/
Music,Love Zzzahara but I‚Äôm a little disappointed with vocals,0,0,1763673899.0,https://www.reddit.com/r/Music/comments/1p2flnm/love_zzzahara_but_im_a_little_disappointed_with/
Music,Ecca Vandal - MOLLY [Alt-Pop?],1,1,1763659010.0,https://youtu.be/chJu5t4GRA8?si=gvo2n9w5UH-k4DaK
Music,Garmarna - Ramunder [Folk Rock],1,1,1763658360.0,https://youtu.be/eYsMuNLueNk?list=RDeYsMuNLueNk
Music,Are iTunes purchases good quality surround sound?,1,12,1763658298.0,https://www.reddit.com/r/Music/comments/1p28m1v/are_itunes_purchases_good_quality_surround_sound/
Music,Drive-By Truckers - Gravity's Gone [southern rock],14,3,1763603441.0,https://youtu.be/XQziZP1gNaw?si=crGQZcrJtWLzxRx3
Music,Fresh Findings #9 is live!,0,1,1763657073.0,/r/u_dofthings/comments/1p281mj/fresh_findings_9_is_live/
Music,Shpongle - Divine Moments of Truth [Electronic],0,2,1763657049.0,https://www.youtube.com/watch?v=igy8q2nWg-o
Music,What song always makes you cry?,0,1,1763657009.0,/r/AskReddit/comments/1p2808v/what_song_always_makes_you_cry/
Music,Slipknot Sell Majority Stake in Music Catalog to HarbourView Equity Partners for Reported $120 Million,3071,330,1763500274.0,https://consequence.net/2025/11/slipknot-sell-majority-stake-catalog-120-million/
Music,Sadie - Jealousy [visual kei],2,1,1763643224.0,https://www.youtube.com/watch?v=5Vz_r9E-xj8
Music,HELP NEEDED!!!! - what genre is this song [genre needed],0,1,1763656604.0,https://www.reddit.com/r/Music/comments/1p27uys/help_needed_what_genre_is_this_song_genre_needed/
Music,"Elon Musk fires back at Billie Eilish calling him a ""fucking pathetic pussy bitch""",10315,1263,1763478602.0,https://www.nme.com/news/music/elon-musk-fires-back-at-billie-eilish-calling-him-a-fucking-pathetic-pussy-bitch-3909537
Music,"On the world‚Äôs coldest stage, a military musician plays with a plastic horn and double gloves",2,1,1763642194.0,https://apnews.com/article/antarctica-navy-musician-scott-base-new-zealand-d7a9f6eb2c0bbe769a5087871752feaf
Music,Deadbloomer - Lose Yo Mind [Hip-hop],0,0,1763655549.0,https://youtu.be/BUyQuCQYpL8?si=QuxPxKAgiUnovbOI
Music,What's the genre of prix garantie - appletreefruit [genre needed]?,1,2,1763654996.0,https://www.reddit.com/r/Music/comments/1p274yw/whats_the_genre_of_prix_garantie_appletreefruit/
Music,Astroverse Dimensions - F-ZERO Remix Medley [Prog Rock],0,0,1763654799.0,https://youtu.be/8XNaKfpW4tM
Music,üéµ Transform your phone with Freedom ‚Äì Pharrell (Unique Tonez Ringtone) üîä,0,1,1763675643.0,/r/UniqueTonez/comments/1p2gaqb/transform_your_phone_with_freedom_pharrell_unique/
Music,UK ban on secondary ticketing and touts explained,35,1,1763583687.0,https://www.nme.com/news/music/uk-ticket-tout-ban-secondary-ticketing-confirmed-explained-culture-secretary-lisa-nandy-3910215
Music,Daily Music - BLOOD MOON MEMORY [darkwave],0,0,1763666389.0,https://soundcloud.com/daily_music_vibe/blood-moon-memory-1
Music,Daily Music - WIRED BUTTERFLY [dreamwave],0,0,1763666357.0,https://soundcloud.com/daily_music_vibe/wired-butterfly
Music,Daily Music - ECLIPSE HEART [romance],0,0,1763666321.0,https://soundcloud.com/daily_music_vibe/eclipse-heart
Music,"Hi, I don't know if they talk about Japanese music here.",4,15,1763620503.0,https://www.reddit.com/r/Music/comments/1p1w64n/hi_i_dont_know_if_they_talk_about_japanese_music/
Music,"Hablemos de gustos musicales. ¬øQu√© tipo, matices, ritmos, instrumentos,... te gustan en la m√∫sica relajante?",0,0,1763651203.0,/r/MUSICA/comments/1p25hq1/hablemos_de_gustos_musicales_qu√©_tipo_matices/
Music,"Nicki Minaj Spreads Misleading Information at the United Nations; Nicki's claims of extremism against Nigerian Christians, like Trump's, aren't backed by any data",2575,397,1763497530.0,https://www.rollingstone.com/music/music-news/nicki-minaj-united-nations-speech-1235467379/
Music,Bushfyre - Tokyo [Electronic],1,0,1763650833.0,https://blackmagicrecs.bandcamp.com/album/tokyo
Music,Sidify or TuneFab account,0,0,1763663671.0,https://www.reddit.com/r/Music/comments/1p2b0p4/sidify_or_tunefab_account/
Music,Yal√ßƒ±n Konuk - Dinle [Pop/Funk],2,2,1763635082.0,https://open.spotify.com/track/3cG9WmKpDtIMtu400zysmX?si=7e5093740e6a43d9
Music,"""Pink Pony Club‚Äù (Chappell Roan cover) - Will Forte & ""Weird Al"" Yankovic [Pop]",0,0,1763648402.0,https://youtu.be/LCGSRg81LLg?si=YvnN7J04H-4kEr1S
Music,"Gershwin ""Who cares?"" (piano solo) sheet music, Noten, partitura, spartiti",0,0,1763648352.0,/r/pianoteachers/comments/1p24awh/gershwin_who_cares_piano_solo_sheet_music_noten/
Music,Silly Sam - Antifragile [Italian Punk Rock],0,0,1763648183.0,https://youtu.be/XlL-cZCxN78?si=1NVA6qqsbiyA980D
Music,Moving Over to Youtube Music From Spotify,0,0,1763647131.0,/r/YoutubeMusic/comments/1p23u15/moving_over_to_youtube_music_from_spotify/
Music,Rema - EGUNGUN [Folk/Tribal] (2024),0,0,1763646862.0,https://youtu.be/Grxm02tjp0w?si=R3MYwzn6qdDK5n7b
Music,Hope - Traitors [pop],0,0,1763644979.0,https://on.soundcloud.com/lCK0uYDgE1GIIyFy00
Music,SIERRA VEINS - Ain't No Woman [EBM] (2025),1,0,1763644639.0,https://youtube.com/watch?v=SNkvUbaIyAk
Music,"The beat reminds me so much of another song, but I can‚Äôt figure out which one!",0,1,1763658185.0,https://www.reddit.com/r/Music/comments/1p28k8k/the_beat_reminds_me_so_much_of_another_song_but_i/
Music,How Music Tastes Have Changed,0,16,1763671545.0,https://www.reddit.com/r/Music/comments/1p2eknc/how_music_tastes_have_changed/
Music,Avenged Sevenfold - Bat Country [rock],0,0,1763644244.0,https://www.youtube.com/watch?v=QNO1NLFFmcs
Music,"Would you, as a musician, pay 20 euros annually to be part of an active, specialized, closed music community?",0,2,1763675437.0,https://www.reddit.com/r/Music/comments/1p2g9qg/would_you_as_a_musician_pay_20_euros_annually_to/
Music,What is going on with Parsley Sound???,0,2,1763664550.0,https://www.reddit.com/r/Music/comments/1p2bgum/what_is_going_on_with_parsley_sound/
Music,Keith Urban Gives Private Performance of Chappell Roan's ‚ÄòPink Pony Club‚Äô at Mar-a-Lago Party Attended by Donald Trump,8551,825,1763468077.0,https://people.com/keith-urban-sings-pink-pony-club-party-attended-by-president-donald-trump-11851542?utm_campaign=peoplemagazine&utm_medium=social&utm_source=reddit.com&utm_content=post
Music,Lionel Richie ‚Äì My Destiny [R&B],0,2,1763641667.0,https://www.youtube.com/watch?v=1AFN4dn09oM
Music,DYINGALLURE - WILL YOU DIE FOR HEAVEN? [Ethereal],0,1,1763641349.0,https://www.youtube.com/watch?v=lqx6tCAy5-Y
Music,Sir Mick Jagger makes surprise visit to old school in Dartford,11,4,1763595713.0,https://www.bbc.co.uk/news/articles/ce3k3wejkkvo
Music,True share to share,0,0,1763640683.0,/r/shareyourmusic/comments/1p202t0/true_share_to_share/
Music,Exodus - Fabulous Disaster [Thrash Metal] [1989],0,0,1763640471.0,https://youtu.be/JBRkgE-Hu2U?si=MYPFeqBbRePZQ0to
Music,Guitar Display Case for Takamine GB7C,0,0,1763639808.0,/r/Guitar/comments/1p15tf9/guitar_display_case_for_takamine_gb7c/
Music,J Kwon ft. Petey Pablo & Ebony Eyez - Get XXX'd [Hip-Hop/Rap],0,0,1763653271.0,https://youtu.be/bC-g_icmSnA?si=ZdZP2spTm-Aksrnc
Music,Loudest/Fastest genre ever?,6,52,1763612363.0,https://www.reddit.com/r/Music/comments/1p1tqex/loudestfastest_genre_ever/
Music,Is my friend just making excuses about getting into music?,0,8,1763683258.0,https://www.reddit.com/r/Music/comments/1p2jgqy/is_my_friend_just_making_excuses_about_getting/
Music,It's gorgeous but I can't find the name of this song,0,0,1763638256.0,/r/whatsongisthis/comments/1p20s5k/its_gorgeous_but_i_cant_find_it/
Music,Storage song,0,0,1763637978.0,https://ultraabox.github.io/#u5N08Untitledn421s1k02l00e0Ht1Ua7g0Lj0br3O_U00000000000000i0o3225T7v0pu20f021562ka00q0B010s1000O0ld080H_SRJ6JIBxAAAAkh8IbE1c0b1T5v0uu50f0000qwB18110O00d080H-JJAArrqiih999h0E1c0b8T7v0pu38f020o513400q050Oaad0a0Ht7760Md9xb9pb9h1IcE0c0T5v0pud1f0000q0B1820O00d230HXzzrrrqiii9998h0E1c0bdT4v0puf0f1a0q050O00z8888onapap4oSBKSJJAArriiiiii07JCABrzrrrrrrr00YrkqHrsrrrrjr005zrAqzrjzrrqr1jRjrqGGrrzsrsA099ijrABJJJIAzrrtirqrqjqixzsrAjrqjiqaqqysttAJqjikikrizrHtBJJAzArzrIsRCITKSS099ijrAJS____Qg99habbCAYrDzh00E0c0T4v0puf0f1a0q050O00z8888onapap4oSBKSJJAArriiiiii07JCABrzrrrrrrr00YrkqHrsrrrrjr005zrAqzrjzrrqr1jRjrqGGrrzsrsA099ijrABJJJIAzrrtirqrqjqixzsrAjrqjiqaqqysttAJqjikikrizrHtBJJAzArzrIsRCITKSS099ijrAJS____Qg99habbCAYrDzh00E0c0Tav0pu0af0000q00d040E0c0b00004xci4N8j4xci4N8i4x8i4N8jk000018j4xci4N8j4xci4N8i4x8i4w0000000000000id5pU000id5pUCHM0000000000000000000004x8i4x8i4x80000000004h4h4h4h4h4h4h4h4h4h4h4h4g0000004y8y8y8y8y8y8y8y8y8y8y8y8w00000000000000000000000000400000000000p2duIIWv3F986GeHmFBCLHiHlzfBqlcILQVkpp7ENBhBbaPBAFiEOBppWfGQGQFi0apvxQB9koeH8QtlkGQqtiJhRlhczRq56xAGeiEkq00FAuakB9kqh7gElyezh8WlczQRaBi8W97hFAt6yhQWp7FGlazi8W52KnQqx7hEWqEqZeDjFD7S6hWqWCLknFPGRj5Rm6bFiHpFPScqsYJqDfaRFPOJqsYDeJv9PGRVuWHmLuHkzFPOZWZYLuHnaRFPOJqsYHmDf9PHTOsWJunKGRHTFPGROJqsWZWsYz6NHaRGRHTGROJqsYDeDf9PFPSsGZYDeDcmDeDeDeDcnbTHTHTHTOsWsNqsWsWsWsNsDeDeONtuWWBalqOZ2cGZRW4pkWlFiBoNyBaioKJAVPJqZlHmBal2cGBaQ8OIVPlFmLz52kGJqQ8OIoNjFmHmJakHeJQFiGRHoNySNtLuP08RiBakrp7JqQnAl__P08rTLuYhSsVPD0S1wc8wAm1wc8wM9wo328bTLuZDLuZWPDesVXTLuIVPDcRA10gA4lc30oh18I30oh1CsVPC1o60Mi2OMI2Mc0aLuUlPD0FG820a9BRMGtaxmco2JXS5uZUwLuY5lHkaNz0lmJgGkF444IIgmcosomNf5clOJ9xmZX2IoM5oNwwGRGglqR2GRG5lHkwGRGgmmhXTLbuZZlHmHmEJmJqJqRqRGRGbCZXJXTrTKTLulHmHmEJmJqJqRqRGRGbBqRGRHppvxQAB2cG4pkFiwqEQFiFiBiBblHliBaBalakGAHkpiENHiB80apuaal6zhEQq8096Cny52xgEka2p78kycgX2xgEka53o000gb1vZ0YL3RgYM00%7ClegacySamples
Music,FJ√òRT entfachen mit ‚Äû43‚Äú ein d√ºsteres Mahnfeuer gegen Radikalisierung,0,3,1763636873.0,https://paranoyd-magazin.de/news/fjort-43-dusteres-mahnvideo/
Music,How music becomes a shelter when the world feels divided,0,2,1763636806.0,https://www.reddit.com/r/Music/comments/1p20ed3/how_music_becomes_a_shelter_when_the_world_feels/
Music,Bass system,0,0,1763649760.0,https://www.reddit.com/r/Music/comments/1p24wqn/bass_system/
Music,A New Monster Magnet Vinyl Box Set Compiling Their 90s Records Is Due In December,12,3,1763589138.0,https://www.theprp.com/2025/11/19/news/a-new-monster-magnet-vinyl-box-set-compiling-their-90s-records-is-due-in-december/
Music,Leylines - Layin‚Äô Low (Remastered Audio) [Alternative],0,0,1763649318.0,https://youtu.be/ZIRU0aSX5kg?si=qmU4US6HK8r5PkHa
Music,Willie Nelson - Just Breathe (Pearl Jam cover) [country],25,2,1763571983.0,https://youtu.be/sFb5Z4Ukzyk?si=4A9wHUkUWItj6Rw4
Music,hemlocke springs - sever the blight [synth pop],3,3,1763620981.0,https://youtu.be/-XQTrLq6M8Y?si=ptLP0bfUSYTAX7Sj
Music,Song Gift,0,0,1763634446.0,/r/MusicInTheMaking/comments/1p1zo9c/song_gift/
Music,"Good evening, who likes raucous pop rock? üéß",0,1,1763634215.0,/r/shareyourmusic/comments/1p0joke/good_evening_who_likes_raucous_pop_rock/
Music,IT$$$ OUUTTTT üí≤üé∏üéâü§ë,0,0,1763669133.0,/r/KESHA/comments/1p2dia7/it_ouutttt/
Music,Metallica - Leper Messiah [thrash metal],8,4,1763593133.0,https://youtu.be/JYALpvUGNk8?si=pvli4Eu5_79NYx2j
Music,"CONVERGE announce new album 'Love Is Not Enough', debut title track and music video",36,1,1763563251.0,https://lambgoat.com/news/50543/converge-announce-new-album-love-is-not-enough-debut-title-track/
Music,R.E.M. - Radio Free Europe (Official Hib-Tone Single) [Rock],12,3,1763580995.0,https://www.youtube.com/watch?v=2sUD93bVPUo
Music,"What's your favourite song that's sung with passion and energy, mines Hallo Spaceboy - Bowie, live, I think live gives out more",1,0,1763631848.0,/r/MusicRecommendations/comments/1p1z2i6/whats_your_favourite_song_thats_sung_with_passion/
Music,Apple Music dynamic album artworks,0,0,1763630967.0,/r/AppleMusic/comments/1ozbace/apple_music_dynamic_album_artworks/
Music,Paolo Nutini - Iron Sky [Rock/Protest],7,1,1763594522.0,https://www.youtube.com/watch?v=ELKbtFljucQ
Music,Don't Mind Gravity - Blue 52 [rock],0,0,1763628632.0,https://www.youtube.com/watch?v=Lv5KbItynvQ
Music,Mortimer Nyx - The BULL ($hit) [hard rock/electronic rock],0,0,1763628190.0,https://youtu.be/5l8MtejOFBI?si=1Tt3_GiJ5Y9O3hsn
Music,Villager - OLD FRIEND [Neo-pop] Masterpiece,0,1,1763625403.0,https://villagersound.bandcamp.com/album/old-friend
Music,La Rioule des Compagnons du Monde & les Monts Rieurs - Gloire aux Moutons [Medieval],0,0,1763625047.0,https://youtu.be/t3ocsvn4FHI?list=RDt3ocsvn4FHI
Music,Farya Faraji & Michael Burnyeat - V'la l'bon Vent [Canadian Traditional],1,0,1763624370.0,https://youtu.be/8NXsilHVHHM?list=PLMlRYqqqM5roILP4n--YYRA-RJpmIBitW
Music,Fleetwood Mac - Dreams - Remaster Versions Distortion,0,1,1763624294.0,https://www.reddit.com/r/Music/comments/1p1x6et/fleetwood_mac_dreams_remaster_versions_distortion/
Music,"Eminem takes legal against an Australian beach umbrella company called ‚ÄúSwim Shady,‚Äù accusing it of copying his iconic persona",965,166,1763489385.0,https://www.billboard.com/pro/eminem-swim-shady-beach-umbrella-brand-slim-shady-trademark/
Music,Julian throwing shade at Nick in recent interview.,0,3,1763674460.0,https://www.reddit.com/r/Music/comments/1p2fumc/julian_throwing_shade_at_nick_in_recent_interview/
Music,Sum 41 - Underclass Hero [Pop Punk] (2007),2,1,1763601404.0,https://www.youtube.com/watch?v=PEz2d49XTk0
Music,Ocean Colour Scene - Get Blown Away [Rock],2,2,1763594020.0,https://www.youtube.com/watch?v=P-vJcwc6zd4
Music,"{video} Do nu metal haters have a point? (Video essay by Blue's Metal Journey, 2025)",0,17,1763658981.0,https://youtu.be/NsyqA6y4QgQ?si=VC7x3cPDiXLhffC6
Music,Kat Kikta - Your Voice In My Ear [Alt Pop],0,0,1763620555.0,https://youtu.be/x4E_tVnOo9A?si=Ehmn22ilu80mrPX8
Music,Blues Traveler - Crystal Flame [jam band],8,0,1763579848.0,https://youtu.be/v5Rn5wQy-Gs?si=bKsb-oJYopz7YKQp
Music,Here's a pretty cool music video,0,0,1763646628.0,/r/newmusicvideos/comments/1p23mnb/heres_a_pretty_cool_music_video/
Music,Need producer,0,4,1763640949.0,/r/UpcomingArtist/comments/1p21m6d/need_producer/
Music,Any other artists tired of AI vocals taking over?,0,8,1763662093.0,https://www.reddit.com/r/Music/comments/1p2aap9/any_other_artists_tired_of_ai_vocals_taking_over/
Music,Does Michael Jackson get the critical recognition he deserves?,0,41,1763677212.0,https://www.reddit.com/r/Music/comments/1p2h1t7/does_michael_jackson_get_the_critical_recognition/
Music,Here‚Äôs why everyone is convinced Timothee Chalamet is secretly UK rapper EsDeeKid,0,1,1763659181.0,https://thetab.com/realityshrine/2025/11/18/heres-why-everyone-is-convinced-timothee-chalamet-is-secretly-a-uk-rapper-called-esdeekid/
Music,Country Fans Were Less Than Impressed With Megan Moroney‚Äôs Rough CMA Awards Performance Of ‚Äú6 Months Later‚Äù | Whiskey Riff,0,0,1763649257.0,https://www.whiskeyriff.com/2025/11/19/country-fans-were-less-than-impressed-with-megan-moroneys-rough-cma-awards-performance-of-6-months-later/
Music,Dan Sultan - Dirty Ground [Acoustic],1,2,1763617171.0,https://youtu.be/2j4uV4nrvAE?si=Ely1un5j27NUVtBb
Music,Thee Oh Sees - Sticky Hulks [Rock],4,0,1763590024.0,https://www.youtube.com/watch?v=ZAy83zi0EDA
Music,Can‚Äôt remember a song i saw on tv once,0,1,1763615847.0,https://www.reddit.com/r/Music/comments/1p1utyt/cant_remember_a_song_i_saw_on_tv_once/
Music,Where are they protest songs of today?,0,13,1763658528.0,https://www.reddit.com/r/Music/comments/1p28pva/where_are_they_protest_songs_of_today/
Music,"Lily Allen shares details on creation of new album after split: ""It said everything that I needed to say""",0,1,1763646995.0,https://www.cbsnews.com/news/lily-allen-details-new-album-after-split/
Music,ZZ Top k√ºndigen vier exklusive Open-Air-Shows in Deutschland 2026 an,0,0,1763636902.0,https://paranoyd-magazin.de/tourdaten/zz-top-open-air-deutschland-2026/
Music,Here's a pretty cool music video,0,9,1763646591.0,/r/newmusicvideos/comments/1p23mnb/heres_a_pretty_cool_music_video/
Music,"Country music hit songwriter, Alabama native, dead at 70",0,4,1763644508.0,https://www.al.com/life/2025/11/country-music-hit-songwriter-alabama-native-dead-at-70.html
Music,"Floyd, On the Run",0,3,1763625931.0,https://www.reddit.com/r/Music/comments/1p1xl8g/floyd_on_the_run/
Music,Reynard‚ÄØSilva ‚Äì The Way I Still Love You [R&B / Soul],0,0,1763612215.0,https://youtu.be/3BwfmrrAexA?si=otaR0VI1n7zq8_sO
Music,"Exodus - Bonded By Blood [Thrash Metal, Speed Metal] [1985]",18,0,1763556692.0,https://youtu.be/YxdlcTVv_b4?si=CqgMEV16p23GVhGz
Music,Eres mi destino,0,0,1763610818.0,https://es.topmediai.com/app/ai-music/shared/11406753
Music,"Pink Floyd's ""Shine On You Crazy Diamond"" Parts 1-9 Released as One Continuous Track for First Time",851,41,1763478225.0,https://consequence.net/2025/11/pink-floyd-shine-on-you-crazy-diamond-parts-1-9/
Music,Humans sync their blinks and brain waves to a song's beat,8,1,1763569218.0,https://www.popsci.com/science/humans-blink-song-beat/
Music,"Steve Winwood and Anders Enger Jensen - ""Valerie"" [Synth-pop]",5,1,1763577502.0,https://www.youtube.com/watch?v=fcnuXKau9QQ
Music,Exodus - Pleasures of the Flesh [Thrash Metal] [1987],2,1,1763595119.0,https://youtu.be/LkNw7mzjl8E?si=rrJQBX49VTn9DEHZ
Music,Music needed for dance solo,1,0,1763608634.0,/r/musicsuggestions/comments/1p1shbe/music_suggestions_needed_for_dance_solo/
Music,Braid - Minuet [post-hardcore],3,0,1763584317.0,https://youtu.be/_5QLyP4IdIE?si=PNEVBRpvxjQ9zktB
Music,What is that one song that you can hardly finish? The one where tears feel impossible to hold back?,0,37,1763605565.0,/r/MusicRecommendations/comments/1p1ree0/what_is_that_one_song_that_you_can_hardly_finish/
Music,P Diddy faces new sexual assault allegations linked to dead rapper,882,34,1763471962.0,https://www.themirror.com/entertainment/celebrity-news/p-diddy-sexual-assault-allegations-1510994
PopHeads,"Daily Discussion - November 20, 2025",12,279,1763650916.0,https://www.reddit.com/r/popheads/comments/1p25dnh/daily_discussion_november_20_2025/
PopHeads,"The Popheads Jukebox Revival, Week 330: I GET SO GAY OFF THAT TEQUILA",7,10,1763684427.0,https://www.reddit.com/r/popheads/comments/1p2jwt5/the_popheads_jukebox_revival_week_330_i_get_so/
PopHeads,The Moment | Official Teaser HD | A24,502,105,1763647955.0,https://youtu.be/9-LlnenSEF4
PopHeads,Tate McRae - SO CLOSE TO WHAT??? (deluxe),69,25,1763683677.0,https://music.apple.com/rs/album/so-close-to-what-deluxe/1853104433
PopHeads,Wicked: For Good - The Soundtrack,40,3,1763683413.0,https://music.apple.com/gb/album/wicked-for-good-the-soundtrack/1839569160
PopHeads,"Tyler, The Creator is Apple Music‚Äôs Artist of the Year 2025",164,52,1763649990.0,https://music.apple.com/id/multi-room/6754618149
PopHeads,HAVEN.‚Äôs 'I Run' Was a Hit. AI Deepfake Allegations Stopped It.,60,39,1763666508.0,https://www.billboard.com/pro/haven-i-run-poised-hit-ai-deepfake-allegations-slowed/
PopHeads,Demi Lovato - It's Not That Deep (Little Bit Extra Version),25,8,1763683814.0,http://open.spotify.com/album/38jx3wDxS45zzKUIeAE4Z7
PopHeads,Bree Runway - HOT LIKE!,20,1,1763684228.0,https://music.apple.com/gb/album/hot-like/1852638062?i=1852638067
PopHeads,Lily Allen confirms West End Girl arena tour for 2026 after theatre run sold out in minutes,195,28,1763638636.0,https://www.independent.co.uk/arts-entertainment/music/news/lily-allen-tour-2026-tickets-london-manchester-newcastle-b2868942.html
PopHeads,Kesha - Animal + Cannibal (15th Anniversary),19,5,1763683213.0,http://open.spotify.com/album/5ygiaGVGOuibzBHcrv0kC8
PopHeads,S√©bastien Tellier & Slayyyter - Thrill Of The Night (feat. Nile Rodgers),14,3,1763684076.0,https://music.apple.com/ro/album/thrill-of-the-night-feat-nile-rodgers/1849474618?i=1849474625&ls
PopHeads,The Weeknd‚Äôs ‚ÄòAfter Hours Til Dawn‚Äô Tour Surpasses $1 Billion and Becomes Top-Earning Tour by Male Solo Artist,77,15,1763650221.0,https://variety.com/2025/music/news/the-weeknd-after-hours-till-dawn-tour-surpasses-1-billion-top-earning-tour-male-solo-artist-1236586696/#recipient_hashed=c2fad88fd3118df83ec9e196f9828ba322557c3bd0725f90838254f33b98d8e2&recipient_salt=6f5a1784d9091e28cf0fbc4417f84b30ddfdf02bc8e72fc470916052cbb78c3e&utm_medium=email&utm_source=exacttarget&utm_campaign=newsalert&utm_content=647783_11-20-2025&utm_term=7510172?utm_medium=&utm_source=&utm_campaign=&utm_content=&utm_id=
PopHeads,Chvrches‚Äô Martin Doherty and Jonny Scott Launch New Project The Leaving,52,18,1763654767.0,https://ourculturemag.com/2025/11/20/chvrches-martin-doherty-and-jonny-scott-launch-new-project-the-leaving-shares-new-song/
PopHeads,Madonna - Love Won't Wait (Original Demo Edit),11,3,1763683319.0,https://open.spotify.com/album/1FhxnbxYQ4Say54oHlQVPF?si=rYSMKgDLRXu-VooHoe8Aaw&nd=1&utm_medium=organic&product=open&%24full_url=https%3A%2F%2Fopen.spotify.com%2Falbum%2F1FhxnbxYQ4Say54oHlQVPF%3Fsi%3DrYSMKgDLRXu-VooHoe8Aaw&feature=organic&_branch_match_id=1520204128268854216&_branch_referrer=H4sIAAAAAAAAA7WN3QqCQBSEn2a9S%2FGniEBCCAkqyoSoqzjaqkvbnuW4i3rTs6dBjxAMDMzHxzTG6Hblea1GI6rBBa1dKdTTW2vChy1NjJorhwVRZaW8W5JxMyksTFiQjpmw%2B7NLfI0TyMJO7adNr4r%2BlkU5DPMItzK7nFIWpq1g4YZu%2BWFXb%2Fbnq51dELfIlwl03yeQsoDy%2Bf83FizUY6S%2BU3EwlniMVIMSpfMmXnEioep7Qdi1nOKj5gQfDudvSDABAAA%3D
PopHeads,Shygirl - ALIAS is ME,13,2,1763683203.0,https://open.spotify.com/album/1lFduRDzF7kAvprZEFuQUP?si=ZHGH1eaUT7ec0Ww91BB0Zg&nd=1&utm_medium=organic&product=open&%24full_url=https%3A%2F%2Fopen.spotify.com%2Falbum%2F1lFduRDzF7kAvprZEFuQUP%3Fsi%3DZHGH1eaUT7ec0Ww91BB0Zg&feature=organic&_branch_match_id=1520204128268854216&_branch_referrer=H4sIAAAAAAAAA7WNXQuCMBiFf8281NQoCiSUWt31QRJ4I3O%2B2nBt43Ur6qLfngb9hODAgfPwcK7Wmn4ZBL3RVjRPnxnjS6G6YGVQ147bRBtQHommjZOydCiT66iQOCURHTJi%2F2dzfRsmJis3dihp7U7rF5136d1gsaHumB9ITHtB4nWx2%2B5CYPl5DnxyeSzCLJsU7feJSVkx3v3%2FjUQzVQ809Bpg1iEkGlumBPfeCA0gCtWWFepHD5jsDSD7ADdT0k8wAQAA
PopHeads,"Musicians losing out on millions due to wrongly allocated UK royalties, new research finds",18,1,1763673593.0,https://www.theguardian.com/music/2025/nov/18/musicians-wrongly-allocated-uk-royalties
PopHeads,The Kid LAROI announces new album ‚ÄúBEFORE I FORGET‚Äù out January 9,19,18,1763668776.0,https://www.instagram.com/p/DRSS6g7kRl8/?igsh=ZzVkczQyemQ3c2tn
PopHeads,Skylar Grey - Angel With Tattoos,9,3,1763684306.0,https://open.spotify.com/album/5SYGTA2ZklWpRXeZDsZeTg?si=X1xxCY4GTJeSxDcPKfkyaQ
PopHeads,"Leigh-Anne, Rvssian - Friends",7,1,1763685280.0,https://open.spotify.com/track/6pM7b05oOHv3WvhUaxhaB2?si=6ibIbho-SO2-yTmkbdpdTQ
PopHeads,The 100 Most Iconic Pop Star Memes of All Time: Staff List,29,27,1763657768.0,https://www.billboard.com/lists/best-memes-music/
PopHeads,"Teatime & Trending Topics - November 20, 2025",24,32,1763661635.0,https://www.reddit.com/r/popheads/comments/1p2a3do/teatime_trending_topics_november_20_2025/
PopHeads,Chrissy Chlapecka - Christine,6,2,1763683325.0,https://open.spotify.com/album/1fmhvHU2zF9Zcq4yibQMkh?si=CH1zsiQ1RxqCsPZRuntV9Q
PopHeads,"Pabllo Vittar - Prazer, Mam√£e Noel",5,1,1763685952.0,https://music.apple.com/br/album/prazer-mam%C3%A3e-noel-ep/1848976425?l=en-GB
PopHeads,Paul Kelly - Did It Again (Kylie Minogue cover) for Like A Version,7,1,1763679224.0,https://youtu.be/vwi5lQQc4C4
PopHeads,"Ariana Grande on Good Hang with Amy Poehler talks comedy, music, and more.",16,0,1763661450.0,https://open.spotify.com/episode/6Zb1UzQC7zvip0MVTNX1c0?si=Xvy567_-QCeFHygaUhnQgA
PopHeads,Florence + The Machine ‚Äî One of the Greats [Live @ SiriusXM],6,0,1763674011.0,https://www.youtube.com/watch?v=uFOGGsvWIHU
PopHeads,Kevin Jonas - Changing,23,10,1763644145.0,https://open.spotify.com/track/3Fq2jP7WOh6Jmw82J0ZUv9?si=UAPCCyW-SVCm6TDFP8S_mg&context=spotify%3Aalbum%3A6mTrLn3lgmcX1Wj4sZNadR
PopHeads,"Ella Eyre - everything, in time",3,1,1763682970.0,https://open.spotify.com/album/5QknArSibMONi8qaAWn4OQ?si=9ITJGYp-T5CykR3Ah5veVw
PopHeads,Casper TNG (feat. 100BandPlan) - The Market (Official Video),3,0,1763680604.0,https://youtu.be/F2J8LOuXR8s?si=rMjD98OLOhI2TBsC
PopHeads,Hazel English - Gimme,3,2,1763679903.0,https://open.spotify.com/track/1c9mC9MZtsbqKTNQWQ8jdh?si=7FbesSerRrC_Evh3O_CuwA&context=spotify%3Aplaylist%3A37i9dQZEVXbhzz8mOVTAto
PopHeads,Isaac Dunbar teases new album on the way,17,6,1763644158.0,https://www.instagram.com/p/DRQWftgks5k
PopHeads,Mike Sabath - The Land Of The Twisted Tree,6,2,1763665044.0,https://open.spotify.com/album/6oKdKdacgWZBqmeqvp0thB?si=vyK5lZ2tSMaXxEH55_GyRA
PopHeads,"Gary ‚ÄòMani‚Äô Mounfield, the Stone Roses and Primal Scream bassist, dies aged 63",3,2,1763676317.0,https://www.theguardian.com/music/2025/nov/20/gary-mani-mounfield-the-stone-roses-and-primal-scream-bassist-dies-aged-63
PopHeads,Olly Murs - Knees Up,2,2,1763683515.0,https://open.spotify.com/album/6EJwhWQ3s4ddYhZZygjYLK?si=0W2OGhS0T7qiyUbkvmRtXw
PopHeads,Billboard: The 50 Best Rock Bands,6,5,1763660000.0,https://www.billboard.com/lists/best-rock-bands/
PopHeads,Midnight Til Morning - 17 (Live Studio Session),2,1,1763679308.0,https://youtu.be/yvdZX8j7N5Q?si=OiqxeKWWYn4rKP6I
PopHeads,Ollie Lewin - Little Star ft. Tanukichan,2,3,1763676542.0,https://open.spotify.com/track/0w8qpAlpNfZzdnyQFGbD8b?si=k_r-dimNRbejb3HPrIbl2w&context=spotify%3Aplaylist%3A37i9dQZEVXbhzz8mOVTAto
PopHeads,SAILORR - LOCKED IN,0,1,1763689055.0,https://open.spotify.com/track/79hkyX6iGUalVRrXszyDCO?si=rfzsqv9FRxyVjnbEoiMlkQ
PopHeads,"Danny L Harle to release new album ""Cerulean"" on February 13th, featuring PinkPantheress, Caroline Polachek (2x), Clairo, Julia Michaels, Kacha, Oklou & MNEK",222,22,1763576920.0,https://shop.dannylharle.com/products/cerulean-lp-black
PopHeads,"Kesha Announces ""Animal + Cannibal 15th Anniversary Collection"" with 6 Previously Unreleased Tracks",286,75,1763571979.0,https://www.instagram.com/p/DRPuI-XCYFg
PopHeads,The xx - ‚Äúxx (Deluxe)‚Äù,131,22,1763586344.0,https://open.spotify.com/album/10p4597ekqFOqMbttkxggC?si=YPvRycKjRvi8Xw1MvzPkvQ
PopHeads,What is pop?,2,23,1763666538.0,https://www.reddit.com/r/popheads/comments/1p2cd40/what_is_pop/
PopHeads,Ninajirachi - Fuck My Computer (Frost Children Remix,51,3,1763601397.0,https://youtu.be/gs-KGzm8rZs?si=kJiuivL3W6J1m310
PopHeads,Charli xcx reveals the first official poster for upcoming movie 'The Moment',160,24,1763576727.0,https://www.instagram.com/p/DRP1HiIgYfc/?utm_source=ig_web_copy_link&igsh=NTc4MTIwNjQ2YQ==
PopHeads,Pitchfork Review: Summer Walker - Finally Over It 6.0,18,6,1763616294.0,https://pitchfork.com/reviews/albums/summer-walker-finally-over-it/
PopHeads,Hannah Jadagu - Describe,14,10,1763620233.0,https://open.spotify.com/album/6MZlKkSCbG2A5HhmKpsAOI?si=ZDPMvSGvTfq1CMK3IjJEnA
PopHeads,The Kid LAROI - A PERFECT WORLD,1,1,1763669065.0,https://open.spotify.com/album/1wdk3yKTc0PajYK7vLS8t4?si=IDfQq6R8SmW1WyWD0g-Q7Q
PopHeads,Billboard seems to have decided to exclude AI-generated music from the Hot 100,1114,74,1763531195.0,https://www.reddit.com/r/popheads/comments/1p0zgom/billboard_seems_to_have_decided_to_exclude/
PopHeads,"Danny L Harle, Oklou & MNEK - Crystallise My Tears",95,13,1763577056.0,https://open.spotify.com/track/0Oy0McHtuyIj3axP1YAxua
PopHeads,The problem isn‚Äôt just the West. What can the SWANA community learn from Rosal√≠a‚Äôs latest album Lux?,95,9,1763573143.0,https://www.dazed.me/music/the-problem-isnt-just-the-west-what-can-the-swana-community-learn-from-rosalias-latest-album-lux?fbclid=PAVERFWAOK3FBleHRuA2FlbQIxMQBzcnRjBmFwcF9pZA8xMjQwMjQ1NzQyODc0MTQAAafqImeGncLzlr6sbkiasaAVFLYL7VPbmWJ4zvD3eOvM2JlJRfLAvRb0qw6ibA_aem_6t3McA1GKnTejsyHc4Fd_g
PopHeads,TEARS & GEARZ - LAST XMAS,12,2,1763614923.0,https://music.apple.com/us/album/last-xmas-single/1847784951
PopHeads,Maisie Peters - Say My Name In Your Sleep,82,15,1763575310.0,https://open.spotify.com/track/12zzqWVkgNwlMf8BJ577I7?si=-LJiBRt6S4ideTbTRAi3XA
PopHeads,"Victoria Justice announces new Christmas single, Santa Darlin', out this Friday!!",56,10,1763577097.0,https://www.instagram.com/victoriajustice/p/DRNttXqkjb2/
PopHeads,VVUP - Super Model,3,1,1763629462.0,https://www.youtube.com/watch?v=jhgj3wjTC8M
PopHeads,Lil Baby - Real Sh*t,0,1,1763647747.0,https://open.spotify.com/album/4CvXQ6bvjOiA9N5PYMJOrn?si=65LElVeKSKqOLROa5rwhdw
PopHeads,Singer D4vd considered suspect in investigation of teen found dead in his Tesla,453,22,1763517366.0,https://abcnews.go.com/US/singer-d4vd-considered-suspect-investigation-teen-found-dead/story?id=126591951
PopHeads,"Teatime & Trending Topics - November 19, 2025",22,38,1763575249.0,https://www.reddit.com/r/popheads/comments/1p1eskq/teatime_trending_topics_november_19_2025/
PopHeads,Let's play a game... Pop Genie November 2025,20,95,1763571747.0,https://www.reddit.com/r/popheads/comments/1p1d79u/lets_play_a_game_pop_genie_november_2025/
PopHeads,Ariana Grande Shows Off Her Wicked: For Good Wand Skills; Reflects on Filming Experience (The Tonight Show Starring Jimmy Fallon),22,1,1763566547.0,https://www.youtube.com/watch?v=RXHuxZSJ2q8
PopHeads,"Spotify Expands Song Credits, Introduces New Features for Deeper Listening Experience",13,12,1763574967.0,https://variety.com/2025/music/news/spotify-expands-song-credits-introduces-new-features-1236585290/
PopHeads,Goo Goo Dolls - Tiny Desk Concert,34,12,1763557441.0,https://youtu.be/X0X12AD7nK4
PopHeads,Zootown Music Festival announces 2026 lineup,5,3,1763589513.0,https://www.kpax.com/out-and-about/zootown-music-festival-announces-2026-lineup
PopHeads,Amyl and The Sniffers and Ninajirachi lead the 2025 ARIA Awards winners list,54,4,1763545021.0,https://www.abc.net.au/triplej/news/aria-awards-2025-winners-full-list/106028340
PopHeads,Sylvan Esso - Keep On,7,3,1763581893.0,https://www.youtube.com/watch?v=45F_OjNLgjc&list=RD45F_OjNLgjc&start_radio=1
PopHeads,Olivia Dean - where did she come from?,340,124,1763508429.0,https://www.reddit.com/r/popheads/comments/1p0rj7g/olivia_dean_where_did_she_come_from/
PopHeads,"Kesha looks back at her debut 15 years later: ""What a fearless bad bitch!""",258,22,1763510705.0,http://rollingstone.com/music/music-features/kesha-animal-cannibal-15th-anniversary-interview-1235467581
PopHeads,"Daily Discussion - November 19, 2025",16,292,1763564479.0,https://www.reddit.com/r/popheads/comments/1p19y2v/daily_discussion_november_19_2025/
PopHeads,Pitchfork: Vote Now for Your Favorite Albums and Songs of 2025,107,102,1763519542.0,https://pitchfork.com/news/vote-now-for-your-favorite-albums-and-songs-of-2025/
PopHeads,"Taylor Swift‚Äôs ‚ÄòThe Fate of Ophelia‚Äô Rules Hot 100 for Sixth Week, Sombr Scores First Top 10 With ‚ÄòBack to Friends‚Äô",253,127,1763500265.0,https://www.billboard.com/lists/taylor-swift-hot-100-the-fate-of-ophelia-six-weeks/
PopHeads,"South Korean singer Nana overpowers home intruder, hospitalised with injuries",171,5,1763506656.0,https://amp.scmp.com/news/asia/east-asia/article/3332964/south-korean-singer-nana-overpowers-home-intruder-hospitalised-injuries
PopHeads,DellaXOZ -Permanent Retrograde,4,3,1763563011.0,https://open.spotify.com/album/1zh2lev0hl9C7YrmxFo3Bn?si=kQchJRONS3COAhK_63thEA
PopHeads,"New Switched on Pop episode 'Is there a Disney curse?: Demi, Selena, and Miley'",154,85,1763491646.0,https://switchedonpop.com/episodes/demi-lovato-selena-gomez-miley-cyrus-disney
PopHeads,Tucker Wetmore - Brunette,5,7,1763559308.0,https://youtu.be/4VdIhx2sDdw?si=wUY47R-f0NdhPjEL
PopHeads,Baby DONT Cry - I DONT CARE,9,1,1763542821.0,https://www.youtube.com/watch?v=2SXuQZVk9cQ
PopHeads,RAYE: WHERE IS MY HUSBAND! | The Tonight Show Starring Jimmy Fallon,276,35,1763472917.0,https://www.youtube.com/watch?v=fmLGO3PQQMk
PopHeads,What do you think should be the standard regarding the use of AI in the creation of current/future pop music from 2025 onwards?,0,48,1763577315.0,https://www.reddit.com/r/popheads/comments/1p1frv3/what_do_you_think_should_be_the_standard/
PopHeads,"KATSEYE, Lorde, Mumford & Sons and Kali Uchis to headline Hinterland in 2026",75,7,1763485717.0,https://www.weareiowa.com/article/news/local/hinterland-2026-lineup-tickets-katseye-lorde-mumford-sons-and-kali-uchis-headline-saint-charles-concert-four-days/524-cd6c4cac-b63c-416d-8aa7-4d8a7ce94d1d
PopHeads,"The mixed success of ""quintessentially British acts"" in America",120,111,1763475176.0,https://www.reddit.com/r/popheads/comments/1p0czh4/the_mixed_success_of_quintessentially_british/
PopHeads,The Virgo Queen - So Into You,6,1,1763531902.0,https://open.spotify.com/track/3wnittJZDFl1CvwiIh8XZH?si=JGtVAVehQKy_dGN6LXFdXQ
PopHeads,20 Questions with Celeste | AnOther Mag,5,1,1763531711.0,https://www.anothermag.com/design-living/16795/20-questions-with-celeste-interview-women-of-faces
PopHeads,Ca7riel & Paco Amoroso- GIMME MORE,10,3,1763517998.0,https://youtu.be/BuQxQedrVYI?si=sQFCk8Y9ULFluMSp
PopHeads,Tate McRae announces Nobody's Girl MV out with So Close To What Deluxe on Friday,37,5,1763489081.0,https://www.instagram.com/p/DRNIZZVDony
PopHeads,Y:SY - NAKED,9,1,1763516496.0,https://www.youtube.com/watch?v=LeQxufOUsoY
PopHeads,Is selling out shows still a big deal?,28,26,1763494003.0,https://www.reddit.com/r/popheads/comments/1p0lbhb/is_selling_out_shows_still_a_big_deal/
PopHeads,Are there a list of requirements to be a main pop girl? Or is it just vibez based?,68,182,1763473969.0,https://www.reddit.com/r/popheads/comments/1p0chv4/are_there_a_list_of_requirements_to_be_a_main_pop/
PopHeads,Cristin Milioti & Simu Liu - The Holding On And The Letting Go (from the Netflix film 'In Your Dreams'),6,8,1763521744.0,https://www.youtube.com/watch?v=dp0EpR1Bssg
PopHeads,"Teatime & Trending Topics - November 18, 2025",23,26,1763488850.0,https://www.reddit.com/r/popheads/comments/1p0izl0/teatime_trending_topics_november_18_2025/
PopHeads,Pitchfork Review: FKA Twigs: Eusexua Afterglow (7.4) / Eusexua (8.0),216,80,1763442381.0,https://pitchfork.com/reviews/albums/fka-twigs-eusexua-afterglow/
PopHeads,"RAYE Live Outside Bloomingdale‚Äôs NYC ‚Äî Free Show Tomorrow at 6:30 PM (Nov 19, Wednesday)",30,1,1763478290.0,https://www.nycforfree.co/events/bloomingdales-x-burberry-holiday-unveil
PopHeads,"Lizzy McAlpine - Pushing It Down and Praying (Live from AFAS, Amsterdam)",13,3,1763486690.0,https://open.spotify.com/album/5nvAnZulqUnBeC8wO3xjfM
PopHeads,JURIN ASAYA (XG) - PS118 (feat. Rapsody),54,2,1763456401.0,https://www.youtube.com/watch?v=IRXAUlcBgIk
PopHeads,‚ÄòSNL‚Äô: Ariana Grande to Host With Cher as Musical Guest; Plus Josh O‚ÄôConnor and Lily Allen,786,97,1763402454.0,https://variety.com/2025/tv/news/snl-next-hosts-ariana-grande-josh-oconnor-1236583812/
PopHeads,Reselling tickets for profit to be outlawed in UK government crackdown,222,7,1763426487.0,https://www.theguardian.com/money/2025/nov/17/reselling-tickets-for-profit-to-be-outlawed-in-uk-government-crackdown
PopHeads,Carly Pearce - Dream Come True (Official Video),4,4,1763505098.0,https://www.youtube.com/watch?v=j1ynmn2Wx14
PopHeads,Ellie Goulding - Destiny,46,11,1763458163.0,https://youtu.be/OdCVg3iGEFg
PopHeads,BENEE - Cinnamon | Live From Vevo Studios,4,1,1763498631.0,https://youtu.be/uA8AV9bZHmU?si=FfICs-gbhmmWEqbr
PopHeads,TEARS & GEARZ (Bentley Robles + ZEE MACHINE) announce a cover of ‚ÄúLast Christmas‚Äù coming out 11/20,7,0,1763488748.0,https://www.instagram.com/p/DRKrWRDASvA/?igsh=MmxmZWNzajZzb215
PopHeads,"Daily Discussion - November 18, 2025",14,270,1763478065.0,https://www.reddit.com/r/popheads/comments/1p0e63a/daily_discussion_november_18_2025/
PopHeads,"The Alternative Number Ones: Alanis Morrisette's ""Ironic""",37,5,1763453886.0,https://stereogum.com/2479415/the-alternative-number-ones-alanis-morissettes-ironic/columns
PopHeads,Pitchfork Song Review - FKA twigs: ‚ÄúHard‚Äù (Best New Track),241,39,1763417271.0,https://pitchfork.com/reviews/tracks/fka-twigs-hard/?utm_source=twitter&utm_medium=social&utm_campaign=dhtwitter&utm_content=null
PopHeads,"Madeon - Car Crash Baby ""out Friday""",5,2,1763487594.0,https://youtube.com/shorts/EVa0OyrnPHs?si=9ixxX2I03ONJmyV9
PopHeads,Charli xcx - Chains of Love,526,89,1763398954.0,https://youtu.be/tG1HKY6Jwas?si=rDArXDn0EVdR36ET
PopHeads,"The Virgo Queen teases debut single ""So Into You""",4,1,1763489437.0,https://www.instagram.com/reel/DRKdGf7EZh6/?utm_source=ig_web_copy_link&igsh=MzRlODBiNWFlZA==
PopHeads,Joshua Bassett - Blue (Official Music Video),3,15,1763494122.0,https://youtu.be/sWbS1mnnn0Q?si=2_mNBA6EfkKC-Bwp
PopHeads,Lil Nas X Returns to Court After Post-Arrest Mental Health Treatment,157,12,1763416651.0,https://www.billboard.com/pro/lil-nas-x-court-arrest-mental-health-treatment/
PopHeads,PURPLE KISS - Breath,13,3,1763457291.0,https://www.youtube.com/watch?v=5oIIzNGeXco
PopHeads,"The Popheads Charts, November 17th, 2025: So when they ask about LUX, let ‚Äòem know that she‚Äôs the one",35,6,1763431733.0,https://www.reddit.com/r/popheads/comments/1ozznjn/the_popheads_charts_november_17th_2025_so_when/
PopHeads,NCT DREAM - Beat It Up,11,5,1763450784.0,https://www.youtube.com/watch?v=wvtNmMmcAYw
PopHeads,NCT DREAM - Beat It Up,8,5,1763454660.0,https://open.spotify.com/album/7jd5hUsxFPUsM0dqfpRjmp?si=nqVpI7s6QwyX9LgX0aRlMg
PopHeads,FKA twigs - HARD,219,20,1763391805.0,https://youtu.be/VUvqvvTLKNA?si=MfrMELlAN5VGVD1u
PopHeads,"Jack White, Post Malone and Lil Jon to Headline NFL Thanksgiving Halftime Shows",19,7,1763437087.0,https://www.hollywoodreporter.com/music/music-news/nfl-thanksgiving-2025-jack-white-post-malone-lil-jon-halftime-1236428835/
PopHeads,Ninajirachi started making music because of YouTube. Now she‚Äôs up for eight Aria awards,141,6,1763397239.0,https://www.theguardian.com/music/2025/nov/17/ninajirachi-i-love-my-computer-aria-awards-2025-interview
PopHeads,FKA Twigs - EUSEXUA Afterglow ALBUM REVIEW (Anthony Fantano),0,23,1763532991.0,https://youtu.be/zzJaKPnjR9w?
PopHeads,Perfume Genius Announces 2026 North American Tour,50,13,1763408913.0,https://pitchfork.com/news/perfume-genius-announces-2026-north-american-tour-shares-me-and-angel-video-watch/
PopHeads,Tate Mcrae shares tracklist for SO CLOSE TO WHAT???(deluxe),78,49,1763399818.0,https://www.instagram.com/p/DRKkpqOCTJa/?igsh=NGNibm11bWJvanlw
PopHeads,f5ve - I Choose You (Dance Practice),30,2,1763412355.0,https://www.youtube.com/watch?v=H2xVkGb3Xdw
PopHeads,"Lorde announced as latest All Points East London headliner on August 22, 2026 with line-up including PinkPantheress, Zara Larsson, Oklou, Audrey Hobert & more",129,10,1763383378.0,https://www.instagram.com/p/DRJtaF2iL0l/MXZpanA0dHYyMXhzZA==/
PopHeads,Rhea Raj - COMMOTION+,18,6,1763420147.0,https://music.apple.com/us/album/commotion/1853161474
PopHeads,"Empire of the Sun to Host New Three-Day Music Festival, Chrysalis, in Cabo.",6,0,1763433059.0,https://edm.com/events/empire-of-the-sun-hosting-new-three-day-music-festival-chrysalis/
PopHeads,"Teatime & Trending Topics - November 17, 2025",34,58,1763402440.0,https://www.reddit.com/r/popheads/comments/1oznbac/teatime_trending_topics_november_17_2025/
PopHeads,ROSAL√çA: La Perla | The Tonight Show Starring Jimmy Fallon,315,53,1763358405.0,https://youtu.be/wVdnDE95Z5I?si=CfqDBSs7xgrCFK9C
PopHeads,Leigh-Anne ‚ÄòFRIENDS‚Äô (out this Friday) üíÉ,19,4,1763405579.0,https://www.instagram.com/p/DRKkeEOjO78/?igsh=ZHJ1Mmtpa3Rra3Rw
PopHeads,"Apink to make a full group comeback in January 2026, kicking off their 15th anniversary celebrations",30,0,1763395701.0,https://m.entertain.naver.com/now/article/477/0000579845
PopHeads,"Lizzy McAlpine teases live version of ""Pushing it Down and Praying"" via her website",9,0,1763406648.0,https://lizzymcalpine.com
PopHeads,"Daily Discussion - November 17, 2025",15,245,1763391698.0,https://www.reddit.com/r/popheads/comments/1ozijlf/daily_discussion_november_17_2025/
PopHeads,Taylor Swift‚Äôs ‚ÄòThe Life of a Showgirl‚Äô Spends Sixth Week at No. 1 on Billboard 200,400,350,1763323371.0,https://www.billboard.com/music/chart-beat/taylor-swift-showgirl-sixth-week-number-one-billboard-200-1236114505/?taid=691a2dc852af45000183b0ba&utm_campaign=trueanthem&utm_medium=social&utm_source=twitter
PopHeads,"Tori Kelly welcomes her baby boy, Zayden Michael Murillo",71,1,1763350218.0,https://www.instagram.com/p/DRI9AE6kYiK/
PopHeads,5 Seconds of Summer - EVERYONE'S A STAR! (Fully Evolved),35,12,1763363499.0,https://open.spotify.com/album/5PZaqv1kmnGYMvO8lS0Cqs?si=zk86iiXDTBqHEaWZA38sVA
PopHeads,Dolly Parton Receives an Honorary Oscar Award | The 16th Governors Awards,47,6,1763353728.0,https://www.youtube.com/watch?v=DHT1l788fBM
PopHeads,Who could be Carrie Underwoods successor for Sunday Night Football?,55,45,1763342842.0,https://www.reddit.com/r/popheads/comments/1oz393m/who_could_be_carrie_underwoods_successor_for/
PopHeads,Debbie Allen Receives an Honorary Oscar Award | The 16th Governors Awards,17,0,1763358283.0,https://www.youtube.com/watch?v=eAJs2cPGBg4
PopHeads,Paul Kim & Yuqi - Have A Good Time,4,2,1763381437.0,https://youtu.be/-F9zsez4vRA?si=X9saholw2WtzOE-u
PopHeads,Sarah Nimmo - 'Can't Stop Crying',5,2,1763373259.0,https://open.spotify.com/track/7uFkkSgTmYUfxmxR0U4S1G
PopHeads,"Seductive, Insulting, or Nonsense with ROSAL√çA | The Tonight Show Starring Jimmy Fallon",12,0,1763357029.0,https://youtu.be/s3u935UwHPA?si=yiNqDJ2BUGbl9p9n
PopHeads,aespa - SYNK : aeXIS LINE (2025 Special Digital Single),15,1,1763350676.0,https://open.spotify.com/album/74gHwFGwl4KWA3sD8ZmAbJ?si=dDtbb8sjQZK4oBHAX5kYtg
PopHeads,Avalon Emerson & the Charm - Eden,25,6,1763328995.0,https://youtube.com/watch?v=lCjrVAmzmLU
PopHeads,RaceBace performance at the Soda Music Festival in Guangzhou China,1,0,1763390301.0,https://youtu.be/MnxVxjrwbDk?si=EA41B9WpFSQHK_5f
PopHeads,"katseye perform new song ""internet girl"" at first tour stop in minneapolis",183,163,1763287373.0,https://youtube.com/shorts/S5zAUIrY2j4?si=UC2Fg8iLJpZ1W3Sp
PopHeads,"Teatime & Trending Topics - November 16, 2025",35,23,1763316060.0,https://www.reddit.com/r/popheads/comments/1oysfgu/teatime_trending_topics_november_16_2025/
PopHeads,"Jessie J shares preview of new song ""Sonflower"" üåª",8,1,1763343584.0,https://youtu.be/e0Jl0dKIlU8?si=JTtgb-WWQfht12NR
PopHeads,Olivia Dean - Man I Need (Live) - SNL,178,28,1763279724.0,https://youtu.be/_H4WPNWmT3I
PopHeads,90's Sensual Songstresses Rate Reveal Day 3: There's a Certain Satisfaction in a 0 Fail,20,62,1763319676.0,https://www.reddit.com/r/popheads/comments/1oytzqo/90s_sensual_songstresses_rate_reveal_day_3_theres/
PopHeads,Artists releasing alternate versions of their albums,135,89,1763266530.0,https://www.reddit.com/r/popheads/comments/1oyc5dd/artists_releasing_alternate_versions_of_their/
PopHeads,Olivia Dean - Let Alone the One You Love (Live) - SNL,71,3,1763278000.0,https://youtu.be/djlLsYWCu8k
PopHeads,"As AI-Artist Xania Monet Climbs the Charts, Victoria Mon√©t‚Äôs Caught in the Uncanny Valley",419,122,1763236427.0,https://www.vanityfair.com/culture/story/victoria-monet-xania-monet-ai-artist
PopHeads,"Jessie J on Instagram: ""The OFFICIAL track listing for my new üíø 'DON'T TEASE ME WITH A GOOD TIME'",96,22,1763264477.0,https://vt.tiktok.com/ZSyKoMD9w/
PopHeads,"Your /r/PopHeads [FRESH] recap for the week of November 09 - November 15, 2025",9,2,1763309497.0,https://www.reddit.com/r/popheads/comments/1oypmgj/your_rpopheads_fresh_recap_for_the_week_of/
PopHeads,"Daily Discussion - November 16, 2025",9,162,1763305284.0,https://www.reddit.com/r/popheads/comments/1oynvpr/daily_discussion_november_16_2025/
PopHeads,ALLDAY PROJECT - ONE MORE TIME,0,10,1763370004.0,https://www.youtube.com/watch?v=OgEwJ8a1OoY
PopHeads,Abby Powledge - winding down,7,2,1763306143.0,https://open.spotify.com/track/3kVCAHJ6NUmyjobxsTzB5O?si=CSwUW737S7OLZbloZ6cL8A
PopHeads,Annika Bennett - Triple Shooting Star,6,1,1763305389.0,https://open.spotify.com/album/1aKpJBuspv01k8rfpD4wqR?si=mjPI0FnQRF2d2eiKYo_-zg
PopHeads,Elina - A Place I Recognise,2,2,1763304328.0,https://open.spotify.com/album/5LsAU4Qec8ZSU9SS4bZTmS?si=bkF9IWUbTpyS7dJgd42okA
PopHeads,Kylie Cantrall teases working on debut album,24,6,1763253744.0,https://www.instagram.com/reel/DRF8EPFEi_K
PopHeads,Runner and Bobby - Green,3,2,1763293356.0,https://open.spotify.com/track/7AdqF77paHbVmsR6S4eRZt?si=FUa8mUb-SDCxTQF7DAJSCQ&context=spotify%3Aplaylist%3A37i9dQZEVXbhzz8mOVTAto
PopHeads,"Danny L Harle to release ""Crystallise my tears"" featuring Oklou and MNEK on November 19",145,13,1763212288.0,https://www.instagram.com/p/DRE42bUDPs0/
PopHeads,"Teatime & Trending Topics - November 15, 2025",37,33,1763229657.0,https://www.reddit.com/r/popheads/comments/1oxycb1/teatime_trending_topics_november_15_2025/
PopHeads,Pure Bathing Culture - I Said What I Said,9,2,1763249886.0,https://open.spotify.com/track/10jneEBbHvy5IIcahBLiDC?si=BYXUlfwqS6qZTxpTIun89w&context=spotify%3Aplaylist%3A37i9dQZEVXbhzz8mOVTAto
PopHeads,"90's Sensual Songstresses Rate Day 2 Reveal: Any Score, Any Placement",19,52,1763233814.0,https://www.reddit.com/r/popheads/comments/1oy03e0/90s_sensual_songstresses_rate_day_2_reveal_any/
PopHeads,What‚Äôs your favorite artist's ‚Äúmagnum opus‚Äù performance?,84,179,1763195885.0,https://www.reddit.com/r/popheads/comments/1oxmod9/whats_your_favorite_artists_magnum_opus/
PopHeads,ROSAL√çA becomes the highest-charting Spanish female artist ever on UK Official Albums Chart with LUX + Taylor Swift back to #1 with Life of a Showgirl,1108,81,1763139164.0,https://www.officialcharts.com/chart-news/rosalia-lux-taylor-swift-life-of-a-showgirl-albums/
PopHeads,"Daily Discussion - November 15, 2025",18,171,1763218864.0,https://www.reddit.com/r/popheads/comments/1oxttwj/daily_discussion_november_15_2025/
PopHeads,Olivia Dean: Gen Z's Easy Listening Queen,185,26,1763170597.0,https://stereogum.com/2479521/olivia-dean-gen-zs-easy-listening-queen/columns/chained-to-the-rhythm
PopHeads,Asha Banks - How Real Was It?,15,2,1763218345.0,https://open.spotify.com/album/0qx4rCmVESstdOSb1nuoPH?si=pL8gn_fPRsWHQLrYhHN84A
PopHeads,Solya - Born Wicked,11,3,1763224103.0,https://open.spotify.com/track/4sa1m3H5Aoxo21etGRBFIb?si=fiOOmK-eSZOfkSdNBG7ybQ
PopHeads,"Kesha reactivates old website and announces 15th anniversary edition of 'Animal + Cannibal', out November 21st.",415,58,1763151029.0,http://keshasparty.com
PopHeads,"Magdalena Bay announce Nice Day: A Collection of Singles 7‚Äù Box Set out April 17, 2026",282,21,1763140730.0,https://magdalenabaystore.com/collections/featured/products/mbay050014-nice-day-a-collection-of-singles-7-box-set
PopHeads,Beren Olivia - Canine,5,1,1763216517.0,https://open.spotify.com/album/0ol1zkdStQdyK9riAXoq4f?si=e4e5xNJTQhOQCpgwIZIWNQ
PopHeads,"Maisie Peters announces her next single ‚ÄúSay My Name In Your Sleep‚Äù out next Wednesday, November 19 5pm GMT",51,6,1763167227.0,https://www.instagram.com/reel/DRC0L0nDSgf/?igsh%3DMTZjZW82ZTYycHlhYQ%3D%3D
PopHeads,How can artists who blow up very quickly be better supported?,146,25,1763145089.0,https://www.reddit.com/r/popheads/comments/1ox4ir7/how_can_artists_who_blow_up_very_quickly_be/
PopHeads,ROSAL√çA - LUX (theneedledrop ALBUM REVIEW),16,119,1763188626.0,https://youtu.be/foJMX8g7bo0?si=cf07MeFii3-X6Qrf
PopHeads,Celeste: ‚ÄúThis narrative of being broken at a man‚Äôs feet is very unempowering‚Äù,35,2,1763168522.0,https://www.nme.com/features/music-interviews/celeste-woman-of-faces-interview-3907269
PopHeads,"Robyn: ‚ÄúDopamine,‚Äù Creativity and Taking Her Time | The Zane Lowe Interview",46,2,1763160271.0,https://youtu.be/ZnGSqtiFd4M?si=1N4u55ftsSiUbfH0
PopHeads,"Olivia Dean Announces ""The Art of Loving - Live 2026"" North American Arena Tour",119,62,1763140817.0,https://www.instagram.com/p/DRCqO1kjVEd/?igsh=azFhNGFyemhuZXN2
PopHeads,"Karina Pasian - ""Solo Party""",4,3,1763206897.0,https://youtu.be/9qDmNGUqwY0?si=zuhpfIGr6QlCgkAR
PopHeads,UK OFFICIAL CHARTS: Taylor Swift returns to No1 with The Fate of Ophelia for a fourth (non consecutive) week,102,82,1763142013.0,https://www.officialcharts.com/chart-news/taylor-swift-the-fate-of-ophelia-fourth-week-number-1-single/
PopHeads,Top Ten Pop Ten - Our Top Ten Taylor Swift Songs & Albums (2025),33,66,1763162709.0,https://www.reddit.com/r/popheads/comments/1oxc0if/top_ten_pop_ten_our_top_ten_taylor_swift_songs/
PopHeads,BBC Introducing criticised after championing ‚Äòpitch perfect‚Äô AI-generated music,99,24,1763138429.0,https://www.rollingstone.co.uk/music/bbc-introducing-criticised-after-championing-pitch-perfect-ai-generated-music-55904/
PopHeads,Madonna - Hung Up (Behind The Scenes),40,1,1763153901.0,https://youtu.be/zFYIBpT-irc?si=_nrOC-s6osW6juzg
PopHeads,Moyka ‚Äî Ultraviolet,6,2,1763190008.0,https://open.spotify.com/album/0jkMvR1I7rEWZstXCDT0MV?si=o0baGGWeQZ-rm-kBElfZgw
PopHeads,Top Ten Pop Ten - Ethel Cain,24,63,1763162726.0,https://www.reddit.com/r/popheads/comments/1oxc0r9/top_ten_pop_ten_ethel_cain/
PopHeads,Magdalena Bay share ‚ÄòNice Day: A Collection Of Singles‚Äô,104,5,1763131408.0,https://diymag.com/news/magdalena-bay-nice-day-a-collection-of-singles
PopHeads,"Teatime & Trending Topics - November 14, 2025",34,41,1763143239.0,https://www.reddit.com/r/popheads/comments/1ox3o9c/teatime_trending_topics_november_14_2025/
PopHeads,90's Sensual Songstresses Rate Reveal Day 1: I Cherish The Day 1 Reveal,21,53,1763151068.0,https://www.reddit.com/r/popheads/comments/1ox75k8/90s_sensual_songstresses_rate_reveal_day_1_i/
PopHeads,"Wicked: For Good | Cynthia Erivo x Misty Copeland - ""No Good Deed""",52,6,1763130072.0,https://www.youtube.com/watch?v=rNl21uPXOqo
PopHeads,f5ve - I Choose You,256,22,1763096954.0,https://www.youtube.com/watch?v=WL8OwB0ElJg
PopHeads,GIRLSET - Little Miss,241,53,1763096420.0,https://www.youtube.com/watch?v=spQ6JXmv1do
PopHeads,Troye Sivan teases new album,503,42,1763081309.0,https://www.instagram.com/p/DRBE95oj6UP/?utm_source=ig_web_copy_link&igsh=MzRlODBiNWFlZA==
PopHeads,"Reba McEntire to Host Rockefeller Center Christmas Tree Lighting With Performances From Laufey, Gwen Stefani, Marc Anthony, Brad Paisley & More",12,0,1763152483.0,https://www.billboard.com/music/music-news/rockefeller-center-christmas-tree-lighting-2025-reba-1236113750/?taid=6917606f5e7bf400016d5faf&utm_campaign=trueanthem&utm_medium=social&utm_source=twitter
PopHeads,Orville Peck - Drift Away (Official Music Video),25,1,1763138582.0,https://www.youtube.com/watch?v=R5BzsIY1FHk
PopHeads,Say Now - Supermarket (Unplugged) [Official Music Video],20,2,1763141715.0,https://youtu.be/I3tKXR5QR9Y
PopHeads,Pitchfork Review: After- After EP (4.5) / After EP 2 (4.5),196,81,1763096812.0,https://pitchfork.com/reviews/albums/after-after-ep-after-ep-2/
PopHeads,Kelsea Ballerini - Baggage | Live From Austin City Limits TV,10,0,1763153495.0,https://youtu.be/jlvyOGXke6M
PopHeads,David Archuleta ‚Äî My Only Wish,16,7,1763142322.0,https://music.apple.com/ca/album/my-only-wish-ep/1846685710
PopHeads,Caroline Romano - Cruel and Unusual Punishment,5,2,1763161483.0,https://www.youtube.com/watch?v=3pgx4KYfMmo&pp=ygUhY3J1ZWwgYW5kIHVudXN1YWwgY2Fyb2xpbmUgcm9tYW5v
PopHeads,FKA Twigs - EUSEXUA Afterglow,482,152,1763074799.0,https://music.apple.com/br/album/eusexua-afterglow/1842161727?l=en-GB
PopHeads,"Jae Stephens discusses new mixtape, main pop girls and the meaning of ""Afterbody"" on Main Pod Girl: the Popheads podcast",29,2,1763125361.0,https://www.reddit.com/r/popheads/comments/1owvwbz/jae_stephens_discusses_new_mixtape_main_pop_girls/
PopHeads,FKA Twigs - EUSEXUA (New Version),355,124,1763075402.0,https://open.spotify.com/album/4yvoTv5xoYbWzHGpVxGClR?si=rkJiEqfmRFuB0_5dJ4pvYg&nd=1&utm_medium=organic&_branch_referrer=H4sIAAAAAAAAA7WNzWqDQBSFn2ZcauJPFwEpTVJThGzS0JKVzOiMGbyZO73OWO2iz14N5BEKBw6cj49zdc72myjqLTqtppBbG4I2XfRsCRtfuxytNAGLU%2BUBKk%2BQXxeFJS8sLuYsOHzYNd7miYPwS6fTgOchG%2FEiPn%2FeDvZjPOzgxJKi1yzZU1fq1y91OxV%2Bu6qypkztcGnvTxxA8Lr7%2FzcWP5lmputASe48yRyp5UbXwS9JJYm0aStB%2BN1Lyo8oNEgWr9654qT%2FAOvlSvw6AQAA&product=open&%24full_url=https%3A%2F%2Fopen.spotify.com%2Falbum%2F4yvoTv5xoYbWzHGpVxGClR%3Fsi%3DrkJiEqfmRFuB0_5dJ4pvYg&feature=organic&_branch_match_id=1517652849971894268
PopHeads,"Skrillex, Dylan Brady & Caroline Polachek - ‚Äúhit me where it hurts x‚Äù",118,14,1763096770.0,https://open.spotify.com/track/1kWbPGEMBUHv2XMIqHZayL?si=thqkNPCwTjmHZOHa1HigFA
PopHeads,Faithless - Insomnia (Disclosure's 2025 Edit),10,3,1763144260.0,https://disclosureuk.bandcamp.com/track/insomnia-disclosures-2025-edit
HipHopHeads,Daily Discussion Thread 11/20/2025,12,144,1763637344.0,https://www.reddit.com/r/hiphopheads/comments/1p20jry/daily_discussion_thread_11202025/
HipHopHeads,We‚Äôre Jadagrace and SWIM of PARTYOF2. AUA‚úåüèæ,74,79,1763661597.0,https://www.reddit.com/r/hiphopheads/comments/1p2a2pk/were_jadagrace_and_swim_of_partyof2_aua/
HipHopHeads,Fugees rapper Pras Michel sentenced to 14 years in prison over illegal donations to Obama campaign,299,87,1763684993.0,https://apnews.com/article/prakazrel-pras-michel-rapper-fugees-sentencing-626135406baa3b045f1ac4fc5ec3ad42?utm_source=firefox-newtab-en-us
HipHopHeads,"Tyler, The Creator named Apple Music‚Äòs Artist Of The Year for 2025",654,134,1763652589.0,https://music.apple.com/us/multi-room/6754618149
HipHopHeads,Nas & DJ Premier collab album dropping on Dec 12,670,82,1763645663.0,https://www.reddit.com/r/hiphopheads/comments/1p23amb/nas_dj_premier_collab_album_dropping_on_dec_12/
HipHopHeads,The Weeknd's 'After Hours til Dawn Tour' surpasses $1 billion and becomes top-earning tour by male solo artist.,443,52,1763650658.0,http://variety.com/2025/music/news/the-weeknd-after-hours-til-dawn-tour-surpasses-1-billion-top-earning-tour-male-solo-artist-1236586696
HipHopHeads,Favorite DatPiff Era Mixtape,40,83,1763680670.0,https://www.reddit.com/r/hiphopheads/comments/1p2ih6g/favorite_datpiff_era_mixtape/
HipHopHeads,"[FRESH ALBUM] Awich - Okinawan Wuman (Fully produced by RZA with Lupe Fiasco, Westside Gunn, ASAP Ferg, Joey Badass and MIKE features)",47,4,1763673833.0,https://open.spotify.com/album/2qdNHigKoFUZtBlnXlYiwb?si=HjVQh4G5RweSK_8VZNQ-aw
HipHopHeads,"Conway the Machine to release YCKGWB (You Can‚Äôt Kill God With Bullets) on December 12, reveals artwork",69,13,1763661564.0,https://www.reddit.com/r/hiphopheads/comments/1p2a26k/conway_the_machine_to_release_yckgwb_you_cant/
HipHopHeads,"Tracklist revealed for Awich's album Okinawan Wuman. produced by RZA, featuring Lupe Fiasco, Westside Gunn, Joey Bada$$ and more. Coming 11/21",78,24,1763649070.0,https://www.reddit.com/r/hiphopheads/comments/1p24mpl/tracklist_revealed_for_awichs_album_okinawan/
HipHopHeads,Christ Dillinger and Chris fronzak of Attila attached to Star in indie Action-Horror Anime,16,1,1763670890.0,https://www.reddit.com/r/hiphopheads/comments/1p2eahz/christ_dillinger_and_chris_fronzak_of_attila/
HipHopHeads,Monopoly: Wu-Tang Clan Edition Has Launched For The Holidays,112,19,1763631312.0,https://bleedingcool.com/games/monopoly-wu-tang-clan-edition-has-launched-for-the-holidays/#google_vignette
HipHopHeads,WhoSampled has been acquired by Spotify,1704,383,1763576635.0,https://www.whosampled.com/news/2025/11/19/whosampled-is-joining-spotify/
HipHopHeads,"Father‚Äôs guide to Awful Records: As the Atlanta trap legend enters his domestic, fatherhood era, Awful Records founder Father looks back at five of the most iconic releases from the label | DAZED",8,0,1763681167.0,https://www.dazeddigital.com/music/article/69109/1/father-s-guide-to-awful-records
HipHopHeads,[THROWBACK THURSDAY] Jme - Man Don't Care (feat. Giggs),31,6,1763654407.0,https://www.youtube.com/watch?v=rivFCwwvoh8
HipHopHeads,Album Review: Cabin in the Sky by De La Soul,10,0,1763672318.0,https://www.shatterthestandards.com/p/album-review-cabin-in-the-sky-by
HipHopHeads,[THROWBACK THURSDAY] Juelz Santana - Oh Yes/Clockwork (2005),18,1,1763659011.0,https://www.youtube.com/watch?v=Ie99CDG-X2o
HipHopHeads,[FRESH ALBUM] Ransom and Conductor Williams - The Uncomfortable Truth,135,19,1763617835.0,https://open.spotify.com/album/07BbyMM5K6ZGQQyHcJWZsN?si=2J4BZvB8TdKU7yDJ0awoQg
HipHopHeads,[DISCUSSION] Freddie Gibbs - Shadow of a Doubt (10 Years Later),41,12,1763639402.0,https://www.reddit.com/r/hiphopheads/comments/1p215ey/discussion_freddie_gibbs_shadow_of_a_doubt_10/
HipHopHeads,[THROWBACK THURSDAY] Leaders of the New School - What's Next,7,1,1763674742.0,https://www.youtube.com/watch?v=WAfA0lUmR-o
HipHopHeads,[THROWBACK THURSDAY] Botany Boyz - Cloverland,7,1,1763672231.0,https://www.youtube.com/watch?v=lCP-eNGC_PE
HipHopHeads,What Do You Guys Think?,2,0,1763689956.0,https://youtu.be/27ITPAUut4I?si=6eQlZ3ex71rYnURM
HipHopHeads,[FRESH ALBUM] dela - Jour & Nuit Beat Tape,2,0,1763689409.0,https://dela.bandcamp.com/album/jour-nuit-beat-tape
HipHopHeads,[FRESH] Eem Triplin - If I Wanted To,6,0,1763666104.0,https://open.spotify.com/track/4Ox4SdpdkRCjf3eXzyWeIC?si=1TBhPV74RBm26LM75fHzbw
HipHopHeads,[THROWBACK THURSDAY] Kingpin Skinny Pimp - One Life 2 Live (feat. Three 6ix Mafia),3,1,1763679521.0,https://youtu.be/vquxzurbXB8?si=6E1erS4xSBgWeTD7
HipHopHeads,[THROWBACK THURSDAY] Zapp - Computer Love,11,2,1763652985.0,https://youtu.be/33p698xbtc8?si=e5CbbFR_w8L1yxx1
HipHopHeads,[FRESH ALBUM] SINN6R - #FEDERAL,3,1,1763686286.0,https://open.spotify.com/album/0HqtaJLSCT9F0YPRadmigb?si=BsT7h-5bTqaX73sqXzdMbQ
HipHopHeads,[THROWBACK THURSDAY] LL COOl J - Doin' It (1995),6,1,1763657121.0,https://www.youtube.com/watch?v=OqEksaLoZYQ
HipHopHeads,"Jude Noel reviews WRENS's 'Half of What You See' for Pitchfork: ""The jazz-rap ensemble‚Äôs second album is dense, chaotic, and thrilling, with electroacoustic abstraction grounded by casual humor and intentional collaboration.""",8,1,1763653991.0,https://pitchfork.com/reviews/albums/wrens-half-of-what-you-see/
HipHopHeads,[FRESH ALBUM] Bashy - Being Poor Is Expensive (Live Deluxe),1,0,1763690516.0,https://open.spotify.com/album/3NizyTUwSKnpAoWQvAuWsf
HipHopHeads,[FRESH VIDEO] Polo G - High Tolerance,0,0,1763690232.0,https://www.youtube.com/watch?v=HqPORSHXdJk
HipHopHeads,[FRESH] Chuck Strangers and Evidence - BMOP,6,1,1763658698.0,https://www.youtube.com/watch?v=gPZw6BBp_uA
HipHopHeads,[FRESH VIDEO] 2Slimey - Roc,3,5,1763676182.0,https://m.youtube.com/watch?v=zYGqQs-StWY
HipHopHeads,"Writing ‚ÄòMercy‚Äô at the End of the World: An Armand Hammer Review. ""A requiem in heady 16s, Armand Hammer‚Äôs new album with The Alchemist continues their long-standing fight against entropy.""",17,1,1763634301.0,https://www.passionweiss.com/2025/11/19/mercy-armand-hammer-review/
HipHopHeads,"[FRESH] Fly Anakin, Quelle Chris, $illMoney and Fatima -  Socks Over the Smoke Detector",35,4,1763617979.0,https://open.spotify.com/album/0NFiLdU3yVc3qTEP7Bj6AT?si=0kptZElZTYG0TBGg4d_OvA
HipHopHeads,[THROWBACK THURSDAY] Bubba Sparxxx - Lovely (2001),7,1,1763647406.0,https://youtu.be/j0T057cWJtQ?si=MB_CJsFdONnnHsU0
HipHopHeads,Mic Righteous - Pathways [Music Video] | GRM Daily,2,0,1763670297.0,https://youtu.be/s2lR9Hn4VZI?si=4mP-x05WS_2qfd0b
HipHopHeads,[THROWBACK THURSDAY] One Way - Cutie Pie,6,1,1763652375.0,https://youtu.be/hEpIQ9kX0tc?si=bNBw6Q9ZWokcs0DH
HipHopHeads,[DISCUSSION] Jadakiss - Top 5 Dead or Alive (10 Years Later),9,4,1763639406.0,https://www.reddit.com/r/hiphopheads/comments/1p215g9/discussion_jadakiss_top_5_dead_or_alive_10_years/
HipHopHeads,"[Throwback Thursday] Cyhi The Prynce- ""Sideways"" (Official Video)",6,0,1763649708.0,https://youtu.be/6yp6PUhcm98?si=tL9Kfrj2fHbwob_Z
HipHopHeads,[FRESH VIDEO] Casper TNG (feat. 100BandPlan) - The Market (Official Video),1,0,1763680252.0,https://youtu.be/F2J8LOuXR8s?si=-ZN985l4LuSyrFyF
HipHopHeads,[THROWBACK THURSDAY] Snoop Dogg ft Kurupt - Gold Rush (2001),5,1,1763644014.0,https://youtu.be/ct3b2aT7Hh0?si=yK0crCu2e72q1D-W
HipHopHeads,"billy woods interviewed by Josha Minsoo Kim for Tone Glow: talks death, growing up in Zimbabwe, and leaving behind the people and places you love",116,10,1763583372.0,https://toneglow.substack.com/p/tone-glow-199-billy-woods
HipHopHeads,"‚ÄúIt inspired grime‚Äù: how the PS1 game transformed music ‚Äì Music 2000, a game released 26 years ago on the PlayStation 1, gave its players access to a professional recording studio, something utilized by everyone from Skepta to Hudson Mohawke.",218,7,1763570409.0,https://www.backmarket.com/en-us/c/technology/music-2000-game
HipHopHeads,"Mavi Announces New Mixtape ‚ÄòThe Pilot‚Äô Dropping 25th November, tracklist revealed featuring MIKE, Kenny Mason, Smino and Earl Sweatshirt",424,34,1763551394.0,https://www.rollingstone.com/music/music-news/mavi-new-mixtape-the-pilot-1235466928/
HipHopHeads,"[FRESH VIDEO] Blueface , Zoe Osama, Spank Nitti James,  OC Chris & Supparay - 6''6'  (Prod By Hit-Boy)",3,2,1763645896.0,https://youtu.be/xslAEdkCzg0?si=GJAHgc4O8J5RUgXy
HipHopHeads,Conway the Machine - !Go Fish! vol. 1 (prod. Mac Miller),13,2,1763616124.0,https://youtu.be/xycS7V6fBPI?si=fJy0J-iGdOe0rEr2
HipHopHeads,Juicy J - Freaky ft. A$AP Rocky & $uicideBoy$,17,1,1763609980.0,https://youtu.be/3MhFiHYiDRM?si=xQRK4vzdL6cjtVE5
HipHopHeads,[FRESH EP] Kenny Mason - Pup Pack: 1st Shift,38,1,1763591600.0,https://open.spotify.com/album/06j0rHIkaUHp7oTQyxg33u
HipHopHeads,"Max B's new project ""Public Domain 7: The First Purge"" dropping on Nov. 28th",156,15,1763563207.0,https://www.reddit.com/r/hiphopheads/comments/1p19eor/max_bs_new_project_public_domain_7_the_first/
HipHopHeads,De La Soul - La La La (2010),9,1,1763619953.0,https://www.youtube.com/watch?v=oOQD4cG7RQw
HipHopHeads,"Stove God Cooks album GOAT Stamp coming 2/26/2026, single coming 11/28",255,32,1763550727.0,https://www.reddit.com/r/hiphopheads/comments/1p14vwx/stove_god_cooks_album_goat_stamp_coming_2262026/
HipHopHeads,"Olivier Lafontant reviews lad√©'s 'LaFlair' for Pitchfork: ""The emergent SoundCloud graduate‚Äôs new full-length feels like a sleeker, more idyllic take on the original plugg scene of the 2010s.""",0,1,1763654032.0,https://pitchfork.com/reviews/albums/lade-laflair/
HipHopHeads,reggie dropping album 'UNDRA' in January 2026,54,3,1763571804.0,https://www.reddit.com/r/hiphopheads/comments/1p1d8aj/reggie_dropping_album_undra_in_january_2026/
HipHopHeads,Talk with Flee - Cam‚Äôron & Ma$e Welcome Home Max B,8,0,1763604242.0,https://youtu.be/4rK9XhkbMpE?si=tPPG0Het8DnojJHD
HipHopHeads,2 Chainz - Rule The World feat. Ariana Grande (Official Audio),27,5,1763576365.0,https://youtu.be/WMPxUiuPda4?si=X0UsT3lbw1UkZioC
HipHopHeads,Raekwon ft Cappadonna & Ghostface - 10 bricks (prod j.dilla),25,2,1763574978.0,https://youtu.be/NpPgEV64y8c?si=kqtnwSi21XhFmqBK
HipHopHeads,Quelle Chris - Grease from the Elbows (feat. Billy Woods & Pink Siifu),35,7,1763563669.0,https://www.youtube.com/watch?v=hYSeV6edvos
HipHopHeads,DMX meeting Rakim,16,1,1763578300.0,https://youtu.be/OW0VVn0ea7Y?si=Pm1x1Sv884VxgPzd
HipHopHeads,Murs & 9th Wonder - H-U-S-T-L-E (feat. John Cena),28,0,1763568087.0,https://youtu.be/ulP-ienje3k?si=WozDa8RMUFNn2U3E
HipHopHeads,[FRESH] Zukovstheworld - Black Garments,2,1,1763617974.0,https://www.youtube.com/watch?v=Qhg1d5oqW2E
HipHopHeads,"Riff Raff - Cauzin A Scene"" [2005]",10,1,1763585468.0,https://youtu.be/xDc0N86IEKg?si=GPLGrkAZ6lpBhvxy
HipHopHeads,"Chris Patrick dropping project 'Pray 4 Me' on December 12th, reveals cover art",21,2,1763569452.0,https://www.reddit.com/r/hiphopheads/comments/1p1c5lc/chris_patrick_dropping_project_pray_4_me_on/
HipHopHeads,"MAVI & Ovrkast talk possible collab album, where their creativity stems, touring with Freddie Gibbs & The Alchemist + more | Nosa Put You On",16,0,1763571425.0,https://www.youtube.com/watch?v=1p_lpZTRZDI
HipHopHeads,EVILEAF & Purpp Caddy - Keep On Hatin',2,1,1763612848.0,https://youtu.be/QHrB9dCh6k0
HipHopHeads,[FRESH EP] Kenny Mason - Pup Pack: 1st Shift,123,13,1763529807.0,https://open.spotify.com/album/06j0rHIkaUHp7oTQyxg33u
HipHopHeads,[FRESH] John Michel & Anthony James - MISS ME,8,1,1763584998.0,https://music.youtube.com/watch?v=DWhPBl1rurc&si=r4Mdr5kvHDXvJvM1
HipHopHeads,EsDeeKid - Rebel ALBUM REVIEW (theneedledrop),0,0,1763619702.0,https://youtu.be/WLBPhLIYMuA?si=dFvNFcZUm1hA_qwb
HipHopHeads,Kevin Gates - Satellites,15,1,1763564408.0,https://youtu.be/aE4UNGlu-Ak?si=Z-XRBZGKCkFxw9r9
HipHopHeads,[DISCUSSION] LL Cool J - Radio (40 Years Later),24,5,1763556793.0,https://www.reddit.com/r/hiphopheads/comments/1p16wgx/discussion_ll_cool_j_radio_40_years_later/
HipHopHeads,Action Bronson & Party Supplies - Pouches of Tuna (feat. Roc Marciano),97,12,1763526287.0,https://youtu.be/hnIYblymIto?si=tGDbMGFepVjs92vJ
HipHopHeads,Hit-Boy Interview: Finally Free,12,0,1763566859.0,https://stereogum.com/2479536/hit-boy-is-finally-free/interviews/qa
HipHopHeads,Max B‚Äôs First Day Out Was a 24-Hour Movie,477,68,1763490212.0,https://www.gq.com/story/max-b-first-day-out-of-prison
HipHopHeads,[LEAK] Gmack - Broke My Heart (feat. Kendrick Lamar & ScHoolboy Q) (2009),138,14,1763513260.0,https://streamable.com/poaqyp
HipHopHeads,"Kanye West- All Of The Lights Remix (feat Lil Wayne, Drake & Big Sean)",17,1,1763553858.0,https://youtu.be/1PCiDG3_LG0?si=y8GnRTp5Ft_B95q0
HipHopHeads,[DISCUSSION] HipHopHeads' Top 20 Max B Songs,14,1,1763559801.0,https://www.reddit.com/r/hiphopheads/comments/1p1812u/discussion_hiphopheads_top_20_max_b_songs/
HipHopHeads,"Snakehips - All My Friends (Official Video) ft. Tinashe, Chance the Rapper",161,10,1763506740.0,https://m.youtube.com/watch?v=I3mrYxPLSH4&list=RDI3mrYxPLSH4&start_radio=1&pp=ygUYc25ha2VoaXBzIGFsbCBteSBmcmllbmRzoAcB
HipHopHeads,Dice $hades - The Best Revenge,3,1,1763584178.0,https://www.youtube.com/watch?v=Vva2_YcEPHk&list=OLAK5uy_m0w9QwJgmy5sADjkkAGoXFC5ZC_4pReSY
HipHopHeads,[LEAK] Lil Yachty - Beautifullest Girl,0,24,1763641149.0,https://streamable.com/dht73d
HipHopHeads,J. Cole - Unabomber,4,0,1763575996.0,https://youtu.be/DwrXPcePpoI?si=VKAhCm2CQFhIkb5y
HipHopHeads,"H.D. Angel's reviews Newcleus's 'Jam on Revenge' for Pitchfork: ""The Brooklyn electro crew‚Äôs 1984 debut gets a new reissue that shows how visionary and vital their work remains.""",6,1,1763567969.0,https://pitchfork.com/reviews/albums/newcleus-jam-on-revenge/
HipHopHeads,Zion I x DJ Fresh - US,6,1,1763565750.0,https://youtu.be/NvLcnPHCCWQ?si=y5bUt_AEiYeGt43U
HipHopHeads,Cavalier - Open Season (Flip) prod Quelle Chris,5,0,1763563803.0,https://youtube.com/watch?v=xKQhPBGceD8&si=Kta7mQlhTTNoclPw
HipHopHeads,[LEAK] Tay K- You Ready? (Jail Call Freestyle),55,60,1763514684.0,https://youtu.be/xPUCXZVTf_s
HipHopHeads,[LEAK] Yeat - HOW YOU DOING (feat. Lil Uzi Vert) (2025),21,5,1763534412.0,https://streamable.com/d7m8jq
HipHopHeads,Lil Uzi Vert - Flooded the Face,251,57,1763481946.0,https://www.youtube.com/watch?v=_yBh_I5BLRM&embeds_referring_euri=https%3A%2F%2Fwww.redditmedia.com%2F&source_ve_path=MjM4NTE
HipHopHeads,"Opening verse, what's the hardest bar you ever heard and a hip hop song?",340,685,1763473713.0,https://www.reddit.com/r/hiphopheads/comments/1p0ce9r/opening_verse_whats_the_hardest_bar_you_ever/
HipHopHeads,"Wednesday General Discussion Thread - November 19th, 2025",20,312,1763528750.0,https://www.reddit.com/r/hiphopheads/comments/1p0yqif/wednesday_general_discussion_thread_november_19th/
HipHopHeads,"[ORIGINAL] Future Presents, by ramzi shalabi",2,0,1763569928.0,https://ramzishalabi.bandcamp.com/album/future-presents
HipHopHeads,[FRESH] Lil Baby - Real Shit,1,3,1763574306.0,https://www.youtube.com/watch?v=ppp7dMhzrz8
HipHopHeads,[FRESH ALBUM] Hus KingPin - PORTISHUS 2,6,1,1763540409.0,https://open.spotify.com/album/6irobmRsWVUv2WKZndLl3M?si=06L1vIQeToSRp6jZAaM5qg
HipHopHeads,[FRESH] Chris Patrick and MARCO PLUS - Frankenstein,5,2,1763539587.0,https://open.spotify.com/album/74IYA22mZRDaTjdjt50Zdc?si=9i7Y9DrASAqhwoPMRLrfKg
HipHopHeads,[FRESH] Kneecap feat SUB FOCUS - No Comment,55,39,1763491902.0,https://youtu.be/ss9fRdpYdyI?si=iXZUVkdfKJd-1Zhg
HipHopHeads,Max B First Interview Since Prison Release,7,1,1763532862.0,https://youtu.be/mHkanhel0OA?si=9A0jEdN7XMYUh9SH
HipHopHeads,Polo G x Lil Wayne - Gang Gang,21,2,1763507903.0,https://youtu.be/HQE456q4n5U
HipHopHeads,[FRESH VIDEO] Navy Blue - God's Kingdom,52,4,1763488542.0,https://youtu.be/Pv10VxRx2dQ?si=cQ9VZT-onSUCBE0m
HipHopHeads,[FRESH VIDEO] Armand Hammer & The Alchemist - California Games (feat. Earl Sweatshirt),66,3,1763482942.0,https://www.youtube.com/watch?v=rn7Kx92UAnc
HipHopHeads,Max B and the Plight of the Post-Prison Rapper,16,5,1763509461.0,https://www.hearingthings.co/max-b-and-the-plight-of-the-post-prison-rapper/
HipHopHeads,JURIN ASAYA ‚Äì PS118 (feat. Rapsody) | Official Music Video,131,21,1763462186.0,https://youtu.be/IRXAUlcBgIk?si=rJagCYu7izjycilK
HipHopHeads,[FRESH] Lil Baby - Real Shit,0,7,1763586170.0,https://open.spotify.com/album/4CvXQ6bvjOiA9N5PYMJOrn?si=MtoN-RnWS3qazQabCe9k1A
HipHopHeads,"Wale On 'everything is a lot.' Love, Heartbreak, Therapy, Music Business, Being Misunderstood +More",14,1,1763498644.0,https://www.youtube.com/watch?v=iDZj-zLbS7o&pp=0gcJCQgKAYcqIYzv
HipHopHeads,[Fresh] Doe Boy - Overly Poppin (Official Music Video),5,0,1763514178.0,https://youtu.be/4ZGJ_knKMnU?si=4QfnAVl4X4TCNfsu
HipHopHeads,Yeat & Quavo - 5BRAZY,7,1,1763506100.0,https://youtu.be/4XxnTAwyxus?si=ZvayVHiPNhgQdmZc
HipHopHeads,Memories of a Southwest Rider: An Oral History of P.E.A.C.E. of Freestyle Fellowship (1974-2025),12,0,1763494557.0,https://medium.com/@prkrpubs/memories-of-a-southwest-rider-an-oral-history-of-p-e-a-c-e-of-freestyle-fellowship-1974-2025-a350373e5437
HipHopHeads,The Streets - Stay Positive,19,1,1763484533.0,https://youtu.be/kk5Df_lDD38?si=lknXE33zI_rwjkj7
HipHopHeads,Rare UK Mixtapes Archive on Mixcloud,37,19,1763470427.0,https://www.reddit.com/r/hiphopheads/comments/1p0b5g9/rare_uk_mixtapes_archive_on_mixcloud/
HipHopHeads,[DISCUSSION] The Pharcyde - Labcabincalifornia (30 Years Later),48,2,1763463961.0,https://www.reddit.com/r/hiphopheads/comments/1p09461/discussion_the_pharcyde_labcabincalifornia_30/
HipHopHeads,[FRESH VIDEO] Cavalier & Child Actor ‚Äî ‚ÄúSojourn‚Äù,5,0,1763507062.0,https://youtu.be/8FFpwmxVQrA?si=DhTlM58RQ2caUfBZ
HipHopHeads,[FRESH] Wesley Joseph - If Time Could Talk,8,2,1763500391.0,https://music.apple.com/be/album/if-time-could-talk/1847914835?i=1847914836
HipHopHeads,[FRESH VIDEO] Domo Genesis & Graymatter - PLAINFACE,11,1,1763491852.0,https://youtu.be/Q2P9_WJFvgI?si=l96Ahh-u6JbWnOtu
HipHopHeads,"Tekashi 6ix9ine‚Äôs Home Invaded by 4 Gunmen, Mother Held Against Her Will",1739,360,1763389484.0,https://www.tmz.com/2025/11/17/tekashi-6ix9ine-home-invaded-4-gunmen-mother-held/
HipHopHeads,[FRESH VIDEO] Wallie The Sensei - BEAM ft. Roddy Ricch,25,2,1763473143.0,https://youtu.be/b9VHR9IS_cc?si=HT16yJFXV2gMmCO_
HipHopHeads,[DISCUSSION] Roc Marciano - Mt. Marci (5 Years Later),36,5,1763463964.0,https://www.reddit.com/r/hiphopheads/comments/1p09478/discussion_roc_marciano_mt_marci_5_years_later/
HipHopHeads,Top Ten Tuesday: Freestyles on The Stretch Armstrong and Bobbito Show,10,29,1763489661.0,https://www.reddit.com/r/hiphopheads/comments/1p0jcy2/top_ten_tuesday_freestyles_on_the_stretch/
HipHopHeads,Daily Discussion Thread 11/18/2025,19,249,1763474120.0,https://www.reddit.com/r/hiphopheads/comments/1p0ck3b/daily_discussion_thread_11182025/
HipHopHeads,"Night Patrol - Official Trailer. Vampire cop movie starring Justin Long, Freddie Gibbs, YG, Flying Lotus",81,5,1763444617.0,https://youtu.be/Fm6vruZ745E?si=U5OhLej5VUI1jmfJ
HipHopHeads,[FRESH] La Reezy - Perspective,3,1,1763499059.0,https://www.youtube.com/watch?v=fGF5aQABmzg
HipHopHeads,"De La Soul reveal tracklist for their ninth album Cabin in the Sky, featuring guest appearances from Yummy Bingham, Q-Tip, Nas, Common, Slick Rick, Black Thought and more",409,85,1763405495.0,https://www.reddit.com/r/hiphopheads/comments/1ozoqpn/de_la_soul_reveal_tracklist_for_their_ninth_album/
HipHopHeads,Nicki Minaj set to Address United Nations (UN) on the Alleged Christian Genocide Happening in Nigeria,1088,376,1763382882.0,https://www.reddit.com/r/hiphopheads/comments/1ozf3f0/nicki_minaj_set_to_address_united_nations_un_on/
HipHopHeads,[FRESH] Zach Farlow - Poe Flow,4,1,1763491938.0,https://youtu.be/QmrGOLNE7Zs?si=QNdpsvtphW8uMgUz
HipHopHeads,Rihanna - Diamonds (Remix) [feat. Kanye West],4,1,1763481380.0,https://youtu.be/KZSkVcvJnWk?si=ZC8aC8Giwzd27g1r
HipHopHeads,[FRESH VIDEO] Ransom & Conductor Williams- BOMAYE,25,2,1763445380.0,https://youtu.be/3rgDRpf8NDk?si=7Stp2MDc2AJ_sWZS
HipHopHeads,[FRESH] Michael Roady - moneyspreaddd,3,0,1763485815.0,https://open.spotify.com/album/2QZ2oHkkNKG8lFodTxYYWx?si=0dcEyY2PQlKOkUR64ctfSA
HipHopHeads,"Skyzoo announces EP Views of a Lifetime coming December 12th, reveals tracklist",93,10,1763412962.0,https://www.reddit.com/r/hiphopheads/comments/1ozs3jb/skyzoo_announces_ep_views_of_a_lifetime_coming/
HipHopHeads,[FRESH ALBUM] Chito Rana$ - Hear Me Out (featuring BlueBucksClan + more) [L.A. Trap],2,0,1763486768.0,https://music.apple.com/us/album/hear-me-out/1852323085
HipHopHeads,- YouTube - Cookin Soul x Max B - Take me Away,3,0,1763478582.0,https://www.youtube.com/watch?v=tO1DcAU6gis
HipHopHeads,[FRESH ALBUM] Siete7x - Misunderstood,3,1,1763473608.0,https://youtube.com/playlist?list=OLAK5uy_mQh1v1UcH3sDFSYWX3HGTaFobQd5Qf51k&si=b83PjnULq1ixn3wH
HipHopHeads,What artist songs today do you think will still be on rotation 30+ years from now?,41,67,1763423566.0,https://www.reddit.com/r/hiphopheads/comments/1ozwkys/what_artist_songs_today_do_you_think_will_still/
HipHopHeads,Dice $hades - A Million While Were Young,1,1,1763492410.0,https://www.youtube.com/watch?v=OkTVpjf96Q4&t=1s
HipHopHeads,"Pink Siifu Announces New Album ""ONYX'!"" Releasing on November 28th",88,14,1763404015.0,https://www.reddit.com/r/hiphopheads/comments/1ozo1vk/pink_siifu_announces_new_album_onyx_releasing_on/
HipHopHeads,Uncommon Nasa - Small Change (It‚Äôs 2AM) [feat. Duke01 & Furious P of Last Sons & King Kashmere of Strange U],3,1,1763466212.0,https://youtu.be/LSeOSsek6vY?si=7nIeBIzU1BSv8o0H
HipHopHeads,Logic - Break It Down (ft. Jhene Aiko),19,3,1763427301.0,https://youtu.be/UhAml-4uDco?si=dAjsXnYxHZ-lH3x7
HipHopHeads,Kevin Gates (feat. YoungBoy Never Broke Again) - I Am (Official Audio),6,1,1763446764.0,https://youtu.be/CAe8-tyUrZA?si=6w5sEt4UgQKzh4NO
HipHopHeads,[FRESH VIDEO]  Hit-Boy & The Alchemist - Walk In Faith,42,1,1763407109.0,https://www.youtube.com/watch?v=2NGUBf7gLi4&list=RD2NGUBf7gLi4&start_radio=1
HipHopHeads,Underground rapper maxon passsed away at 21,172,9,1763370890.0,https://www.reddit.com/r/hiphopheads/comments/1ozbpac/underground_rapper_maxon_passsed_away_at_21/
HipHopHeads,Wiki - Live Rehersal (Stroke of Luck Radio),11,0,1763421798.0,https://youtu.be/VP53Vz4QMqE?si=12mF0g9pb8_xdztD
HipHopHeads,"Chance the Rapper: STAR LINE, Sitting With Music, Hip Hop Lineage | The Ebro Show",15,0,1763414692.0,https://www.youtube.com/watch?v=irv2Yh1rpww
HipHopHeads,[FRESH VIDEO] Jae Millz - Damaged Goods (Goodz Diss),3,0,1763444677.0,https://youtu.be/Ra76RIWeRFM?si=ioaww_XkjoRsbQU8
HipHopHeads,"[FRESH ALBUM] Ben Reilly - SAVE! (featuring WESTSIDE BOOGIE, Jean Deaux + more)",35,3,1763396608.0,https://music.apple.com/us/album/save/1853535726
HipHopHeads,Hip Hop UNDERGROUND Listening Club #10: Nacho Picasso & Blue Sky Black Death - Stoned & Dethroned,14,4,1763412788.0,https://www.reddit.com/r/hiphopheads/comments/1ozs0qp/hip_hop_underground_listening_club_10_nacho/
HipHopHeads,G-Unit - Hate It or Love It Remix,32,8,1763396443.0,https://youtu.be/LcrnbWhlE0c?si=nxhp0fdSZuuFaN7W
HipHopHeads,"[FRESH] P$C, Big Kuntry King, Young Dro and T.I. - Havin' My Way",12,8,1763412632.0,https://open.spotify.com/album/3npjUa12X3KEuzIwXJbbXz?si=MwSOPTp8RH-5mWXEqFvXQQ
HipHopHeads,TED talk about Hip Hop being humanity's ultimate unifier and problem solving framework,3,20,1763438384.0,https://youtu.be/5rRxG1i5iRo?si=NI3K_7W0fEa-jkI9
HipHopHeads,Drake Breaks Down His ‚ÄòIceman‚Äô Live Streams in Rare Interview with Complex,0,98,1763489880.0,https://www.reddit.com/r/hiphopheads/comments/1p0jgje/drake_breaks_down_his_iceman_live_streams_in_rare/
HipHopHeads,Daily Discussion Thread 11/17/2025,28,210,1763394355.0,https://www.reddit.com/r/hiphopheads/comments/1ozjoat/daily_discussion_thread_11172025/
HipHopHeads,Wale: Noochie's Live From The Front Porch,14,0,1763404756.0,https://www.youtube.com/watch?v=47RhzyOzW5c
HipHopHeads,[FRESH VIDEO] Paul Wall & DJ Fresh - Dedicated to the game (Official Music Video),9,2,1763414495.0,https://www.youtube.com/watch?v=1sx1Ssea5H4
HipHopHeads,[DISCUSSION] Ty Dolla $ign - Free TC (10 Years Later),29,6,1763389771.0,https://www.reddit.com/r/hiphopheads/comments/1ozhq9a/discussion_ty_dolla_ign_free_tc_10_years_later/
HipHopHeads,"Archee, Slugz & 3MFrench - Luv Em Bandz (Official Video)",1,0,1763440951.0,https://youtu.be/jhJku-LDrEc?si=ctYxbtelVW6K9aR9
HipHopHeads,[FRESH VIDEO] OBIJUAN X DJ MUGGS - 'MISO',7,0,1763418865.0,https://youtu.be/fadFq7giHiQ?si=0ao3Z2p0NJrKZ5t0
HipHopHeads,Father - Why Can‚Äôt I Cry $$$,21,6,1763391398.0,https://youtu.be/SAuYKvi97Mw?si=gcwVyA21mXrXuKuM
HipHopHeads,[FRESH VIDEO] Drake - ICEMAN Episode 3 - CUTDOWN,0,17,1763485491.0,https://youtu.be/IdgGbB7EOkg?si=QMTj618R6eo_oyc6
HipHopHeads,UK rapper Blanco dropping EP 'Paradise On A Lifeboat' this Friday via Believe ‚Äì features Kidwild,14,1,1763397484.0,https://www.reddit.com/r/hiphopheads/comments/1ozl2g3/uk_rapper_blanco_dropping_ep_paradise_on_a/
HipHopHeads,"SoFaygo sophomore album 'MANIA' dropping this Friday via Cactus Jack ‚Äì single ""MONEY & CLOTHES"" out now",14,0,1763397380.0,https://www.reddit.com/r/hiphopheads/comments/1ozl0pu/sofaygo_sophomore_album_mania_dropping_this/
HipHopHeads,[FRESH] AmonDogg - Sunshine,3,0,1763421230.0,https://on.soundcloud.com/dnPu1ghMjqPEzTYXIc
HipHopHeads,Young Dolph (Feat. Migos) - Thank Tha Plug,10,1,1763393115.0,https://youtu.be/hnxZFtpqDs8?si=Rt1KYGGYaY3uY9Ja
HipHopHeads,camo mane x Phonkmasta - IMMA PULL A TRIGGA (2024),3,1,1763417073.0,https://youtu.be/EV5nu3nupSE
HipHopHeads,[DISCUSSION] Jeezy - Church in These Streets (10 Years Later),10,3,1763389775.0,https://www.reddit.com/r/hiphopheads/comments/1ozhqbi/discussion_jeezy_church_in_these_streets_10_years/
HipHopHeads,[FRESH VIDEO] JasonMartin and Mike & Keys - CAFALONIA,7,1,1763397340.0,https://www.youtube.com/watch?v=vcmzWFOGCck
HipHopHeads,[FRESH VIDEO] Jason Flame - Inertia (Ain't Nothing to It),3,1,1763418032.0,https://youtu.be/ooymJVeJ0Hg?si=BdTA_Hn7vVd0lesf
HipHopHeads,Rittz - Propane (Feat. MJG & Devin The Dude),8,1,1763388517.0,https://youtu.be/YQCUZKDnVcg?si=qB7c21ygNPxRo1Jw
HipHopHeads,Gabriel Teodros - No Label,4,2,1763398824.0,https://youtu.be/X-e5apwJobc?si=Hdgcx0eTpwhs467P
HipHopHeads,Chief Keef - Rap Shit Ft. Lil Reese,3,0,1763396175.0,https://youtu.be/OOWpRnxMOhI?si=YEt-T2RFNZGMhZtN
HipHopHeads,[FRESH] [HYPE] Lil Negus (feat CoffinSharp & Marble G) -- All Them N*ggas Be Afraid Of Me,0,0,1763456955.0,https://www.youtube.com/watch?v=WDtu41mcViQ
HipHopHeads,DJ Lucas - She Made Me Feel Different,15,5,1763367342.0,https://youtu.be/R1arKInUEdQ?si=LGgxNmiJuD65_0dT
HipHopHeads,Yesterday I met the Legend of DMC DJ Fly. Honored to share this moment with him.,9,4,1763376177.0,http://youtube.com/post/UgkxhtPzl0j44ojsMDZWOLh5wHwMs2fhFaCe?si=QS_f2tcIV0Ofh6bq
HipHopHeads,"[FRESH] Ab-Soul, Rapsody & Joey Bada$$ - NU-GEE-LA",272,23,1763309000.0,https://www.reddit.com/r/hiphopheads/comments/1oypesv/fresh_absoul_rapsody_joey_bada_nugeela/
HipHopHeads,Maxon Margiela - Austin Powers,8,2,1763378214.0,https://youtu.be/3ZMWaFPI-IA?si=F6_tYQcItjyBrGXH
HipHopHeads,[FRESH] Lazzee the Cynic - The Other Side (prod. Lazzee & Sleezee),3,1,1763392187.0,https://youtube.com/watch?v=wa5mRsFpggw&si=Zp3aqWO8fFD8A8nq
HipHopHeads,Lil Yachty - Flex Up (Feat. Playboi Carti and Future),135,27,1763317284.0,https://m.youtube.com/watch?v=kGV5V_VIVc8&t=2s&pp=2AECkAIB
HipHopHeads,Aesop Rock: Float (Pitchfork Sunday Review),159,34,1763303003.0,https://pitchfork.com/reviews/albums/aesop-rock-float/
HipHopHeads,"Rockie Fresh - ""Thick Bitch (Hit My Jack)""",4,3,1763354872.0,https://youtu.be/bBCaHQXH7Gk?si=yqzYPUHdVrshWiwX
HipHopHeads,J-Zone - 190 (Featuring Al-Shid),11,0,1763337611.0,https://youtu.be/MxeEsC4CKEM?si=PdlrOM4IhQR9W5s0
HipHopHeads,"[NOW ON STREAMING] AKAI SOLO - No Control, No Glory",35,2,1763312030.0,https://open.spotify.com/album/0cWrqqideY2SuW7cstOoxb
HipHopHeads,Retch - Special Jim,24,6,1763317240.0,https://www.youtube.com/watch?v=amxYMsowqFc&list=RDMM&index=2
HipHopHeads,[FRESH VIDEO] Pitbull & Lil Jon - Damn I Love Miami,16,2,1763323809.0,https://youtu.be/Cj1SCv5HkKE?si=J3hwA0svI7-PmZss
HipHopHeads,"Freddie Gibbs, The Alchemist - Gold Feet (feat. JID)",308,39,1763258359.0,https://youtu.be/tORepvCq5O4?si=2CFstGUyas_ft4Em
HipHopHeads,Chief Keef - Skit (2),6,1,1763336939.0,https://youtu.be/wfsJYO1LHJA?si=OOiMKo0PMprQj2tW
HipHopHeads,[DISCUSSION] Pink Siifu & Fly Anakin - FlySiifu's (5 Years Later),26,7,1763302184.0,https://www.reddit.com/r/hiphopheads/comments/1oymnxa/discussion_pink_siifu_fly_anakin_flysiifus_5/
HipHopHeads,"Pink Siifu, Ojivolta - RINKS‚Äô! (Visualizer) ft. Turich Benjy",14,1,1763310706.0,https://youtube.com/watch?v=-24nnDB2D0I&si=8GHhMfRNJ7ZkA_lc
HipHopHeads,MC Juice - Unseen,7,2,1763323310.0,https://www.youtube.com/watch?v=mjWvEqcxatI
HipHopHeads,SpaceGhostPurrp - Bloody Mary,9,1,1763323057.0,https://www.youtube.com/watch?v=Rta1Jg0JAHA
HipHopHeads,[FRESH] Nhale & Larry June - Ride With Me,9,0,1763315423.0,https://open.spotify.com/album/1nh4dRPaYOOfxZCj4o5msP?si=RIEDczUfQIKmHiSdSwiF5g
HipHopHeads,[HYPE] SlimeGetEm - Gore,9,3,1763317559.0,https://www.youtube.com/watch?v=zeCW1K1Np0k
HipHopHeads,[DISCUSSION] 2 Chainz - So Help Me God! (5 Years Later),17,8,1763301119.0,https://www.reddit.com/r/hiphopheads/comments/1oym9ad/discussion_2_chainz_so_help_me_god_5_years_later/
HipHopHeads,Aceyalone - Ms. Amerikkka,10,1,1763309498.0,https://m.youtube.com/watch?v=WOWG5qJZCfc
HipHopHeads,The Dingo Daily - Big Beautiful Bill,13,3,1763303761.0,https://www.youtube.com/watch?v=StCO7h74ybU
HipHopHeads,[FRESH] TopRankGang - Out The Whip (Official Music Video),2,1,1763339649.0,https://youtu.be/SrkMIWWwJ6Y?si=4H6z-4uYrZNxhW2H
HipHopHeads,[FRESH VIDEO] Fokis - Let's Get It,6,1,1763314449.0,https://www.youtube.com/watch?v=I4QnmFVjJjg
HipHopHeads,Cities Aviv - Episodes,3,1,1763324360.0,https://youtu.be/ewXKHl9mxvg?si=Anz4cl1jSd4dEMC-
HipHopHeads,Sadder Days- Zen,0,3,1763331674.0,https://youtu.be/yhuGc4kiOWE?si=jVgS9LSoFDgSxxNs
HipHopHeads,[FRESH] BiigSlime & Streameum (feat. Don Q) - RJ Barrett,0,0,1763344577.0,https://open.spotify.com/album/0FKXrgdNsIaY7pq6eWyemv?si=VrTSkslgQsmGoX2tYuNPQw
HipHopHeads,Wiki - Jalo,20,4,1763280490.0,https://youtu.be/eolPb0iPg4c?si=8qsD_e4DipPFrZ8E
HipHopHeads,"[FRESH] GENA, Liv.e, and Karriem Riggins - Circlesz",14,4,1763287255.0,https://open.spotify.com/track/31djYAZR2kl3HotgjFScEi?si=Rq-iA940Thu_3bHIYP5nWQ
HipHopHeads,"Sunday General Discussion Thread - November 16th, 2025",23,285,1763271854.0,https://www.reddit.com/r/hiphopheads/comments/1oydrhc/sunday_general_discussion_thread_november_16th/
HipHopHeads,[FRESH] 11 miles - nezuko freestyle (video),0,2,1763359712.0,https://m.youtube.com/watch?v=qSw_8aeQ8NI
HipHopHeads,[DISCUSSION] Armand Hammer & The Alchemist - Mercy (1 week later),140,43,1763221674.0,https://www.reddit.com/r/hiphopheads/comments/1oxuyqw/discussion_armand_hammer_the_alchemist_mercy_1/
HipHopHeads,YoungBoy Never Broke Again - Akbar (Official Audio),0,1,1763342069.0,https://youtu.be/TW2DhnsgT0g?si=CrlXl0ySvzdpE9Ne
HipHopHeads,[FRESH VIDEO] YoungBoy Never Broke Again - Zero IQ Freestyle (Official Video),12,35,1763260361.0,https://youtu.be/9dOWTX7BnOg?si=7JZ_yZEawxYB_gzN
HipHopHeads,[DISCUSSION] Aesop Rock - Spirit World Field Guide (5 Years Later),74,22,1763221791.0,https://www.reddit.com/r/hiphopheads/comments/1oxv0hx/discussion_aesop_rock_spirit_world_field_guide_5/
