permalink,title,song,artist,avg_neg,avg_neu,avg_pos,avg_compound,sentiment_label
https://www.the-independent.com/arts-entertainment/music/news/smokey-robinson-sexual-battery-accusers-b2869218.html,Smokey Robinson faces fresh accusations of sexual assault from male and female former employees,,male and female former employees,0.0,0.0,0.0,0.0,neutral
https://www.reddit.com/r/Music/comments/1p25o7s/purely_aigenerated_music_and_artists_need/,"Purely AI-generated music and ""artists"" need attribution",artists,,0.015,0.849,0.136,0.9883,positive
https://youtu.be/q3cQ9_i3OEk?si=4g-37Yfg8-avHcgp,Red Hot Chili Peppers - Blood Sugar Sex Magik (Live at Woodstock '94) [Funk Rock],,,0.0,0.0,0.0,0.0,neutral
https://www.vulture.com/article/bob-dylan-daily-dylan-feud.html,Why Is Bob Dylan Feuding With One of His Most Popular Fan Accounts?,,,0.0,0.0,0.0,0.0,neutral
https://youtu.be/hkKSagYpf9A?si=EK0L2jb2SR8sShs5,The White Stripes - Blue Orchid [Garage Rock],,,0.0,0.0,0.0,0.0,neutral
https://www.reddit.com/r/u_dofthings/comments/1p281mj/fresh_findings_9_is_live/,Fresh Findings #9 is live!,,,0.0,0.0,0.0,0.0,neutral
https://www.nme.com/news/music/elon-musk-fires-back-at-billie-eilish-calling-him-a-fucking-pathetic-pussy-bitch-3909537,"Elon Musk fires back at Billie Eilish calling him a ""fucking pathetic pussy bitch""",fucking pathetic pussy bitch,,0.0,0.0,0.0,0.0,neutral
https://youtu.be/LCGSRg81LLg?si=YvnN7J04H-4kEr1S,"""Pink Pony Club‚Äù (Chappell Roan cover) - Will Forte & ""Weird Al"" Yankovic [Pop]",pink pony club‚Äù (chappell roan cover) - will forte &,,0.0,0.0,0.0,0.0,neutral
https://www.reddit.com/r/pianoteachers/comments/1p24awh/gershwin_who_cares_piano_solo_sheet_music_noten/,"Gershwin ""Who cares?"" (piano solo) sheet music, Noten, partitura, spartiti",who cares?,,0.0,0.954,0.046,0.0772,neutral
https://youtu.be/5l8MtejOFBI?si=1Tt3_GiJ5Y9O3hsn,Mortimer Nyx - The BULL ($hit) [hard rock/electronic rock],,,0.0,0.0,0.0,0.0,neutral
https://www.cbsnews.com/news/lily-allen-details-new-album-after-split/,"Lily Allen shares details on creation of new album after split: ""It said everything that I needed to say""",it said everything that i needed to say,,0.0,0.0,0.0,0.0,neutral
https://www.al.com/life/2025/11/country-music-hit-songwriter-alabama-native-dead-at-70.html,"Country music hit songwriter, Alabama native, dead at 70",,,0.0,0.0,0.0,0.0,neutral
https://consequence.net/2025/11/pink-floyd-shine-on-you-crazy-diamond-parts-1-9/,"Pink Floyd's ""Shine On You Crazy Diamond"" Parts 1-9 Released as One Continuous Track for First Time",shine on you crazy diamond,,0.0,0.0,0.0,0.0,neutral
https://www.youtube.com/watch?v=fcnuXKau9QQ,"Steve Winwood and Anders Enger Jensen - ""Valerie"" [Synth-pop]",valerie,,0.0,0.0,0.0,0.0,neutral
https://www.billboard.com/pro/haven-i-run-poised-hit-ai-deepfake-allegations-slowed/,HAVEN.‚Äôs 'I Run' Was a Hit. AI Deepfake Allegations Stopped It.,,,0.0,0.0,0.0,0.0,neutral
https://music.apple.com/gb/album/hot-like/1852638062?i=1852638067,Bree Runway - HOT LIKE!,,,0.0,0.0,0.0,0.0,neutral
https://www.reddit.com/r/popheads/comments/1p2a3do/teatime_trending_topics_november_20_2025/,"Teatime & Trending Topics - November 20, 2025",,,0.03365625,0.78375,0.18259375,0.27105625,positive
https://www.billboard.com/lists/best-rock-bands/,Billboard: The 50 Best Rock Bands,,,0.0,0.0,0.0,0.0,neutral
https://shop.dannylharle.com/products/cerulean-lp-black,"Danny L Harle to release new album ""Cerulean"" on February 13th, featuring PinkPantheress, Caroline Polachek (2x), Clairo, Julia Michaels, Kacha, Oklou & MNEK",cerulean,,0.0,0.0,0.0,0.0,neutral
https://www.instagram.com/p/DRPuI-XCYFg,"Kesha Announces ""Animal + Cannibal 15th Anniversary Collection"" with 6 Previously Unreleased Tracks",animal + cannibal 15th anniversary collection,,0.0,0.0,0.0,0.0,neutral
https://www.reddit.com/r/popheads/comments/1p0zgom/billboard_seems_to_have_decided_to_exclude/,Billboard seems to have decided to exclude AI-generated music from the Hot 100,,the hot 100,0.09738,0.8172400000000001,0.08538,0.010622,neutral
https://www.reddit.com/r/popheads/comments/1p1eskq/teatime_trending_topics_november_19_2025/,"Teatime & Trending Topics - November 19, 2025",,,0.05843243243243243,0.793972972972973,0.1476756756756757,0.1629783783783784,positive
http://rollingstone.com/music/music-features/kesha-animal-cannibal-15th-anniversary-interview-1235467581,"Kesha looks back at her debut 15 years later: ""What a fearless bad bitch!""",what a fearless bad bitch!,,0.0,0.0,0.0,0.0,neutral
https://www.billboard.com/lists/taylor-swift-hot-100-the-fate-of-ophelia-six-weeks/,"Taylor Swift‚Äôs ‚ÄòThe Fate of Ophelia‚Äô Rules Hot 100 for Sixth Week, Sombr Scores First Top 10 With ‚ÄòBack to Friends‚Äô",,,0.0,0.0,0.0,0.0,neutral
https://www.reddit.com/r/popheads/comments/1p0czh4/the_mixed_success_of_quintessentially_british/,"The mixed success of ""quintessentially British acts"" in America",quintessentially british acts,,0.04414,0.80786,0.14808,0.511836,positive
https://www.reddit.com/r/popheads/comments/1p0izl0/teatime_trending_topics_november_18_2025/,"Teatime & Trending Topics - November 18, 2025",,,0.0925,0.8182692307692307,0.08923076923076922,0.03494615384615385,neutral
https://stereogum.com/2479415/the-alternative-number-ones-alanis-morissettes-ironic/columns,"The Alternative Number Ones: Alanis Morrisette's ""Ironic""",ironic,,0.0,0.0,0.0,0.0,neutral
https://youtube.com/shorts/EVa0OyrnPHs?si=9ixxX2I03ONJmyV9,"Madeon - Car Crash Baby ""out Friday""",out friday,,0.0,0.0,0.0,0.0,neutral
https://www.instagram.com/reel/DRKdGf7EZh6/?utm_source=ig_web_copy_link&igsh=MzRlODBiNWFlZA==,"The Virgo Queen teases debut single ""So Into You""",so into you,,0.0,0.0,0.0,0.0,neutral
https://www.hollywoodreporter.com/music/music-news/nfl-thanksgiving-2025-jack-white-post-malone-lil-jon-halftime-1236428835/,"Jack White, Post Malone and Lil Jon to Headline NFL Thanksgiving Halftime Shows",,,0.0,0.0,0.0,0.0,neutral
https://www.reddit.com/r/popheads/comments/1oznbac/teatime_trending_topics_november_17_2025/,"Teatime & Trending Topics - November 17, 2025",,,0.08719148936170212,0.8185744680851064,0.09425531914893616,0.034387234042553186,neutral
https://lizzymcalpine.com,"Lizzy McAlpine teases live version of ""Pushing it Down and Praying"" via her website",pushing it down and praying,,0.0,0.0,0.0,0.0,neutral
https://www.billboard.com/music/chart-beat/taylor-swift-showgirl-sixth-week-number-one-billboard-200-1236114505/?taid=691a2dc852af45000183b0ba&utm_campaign=trueanthem&utm_medium=social&utm_source=twitter,Taylor Swift‚Äôs ‚ÄòThe Life of a Showgirl‚Äô Spends Sixth Week at No. 1 on Billboard 200,,,0.0,0.0,0.0,0.0,neutral
https://youtube.com/shorts/S5zAUIrY2j4?si=UC2Fg8iLJpZ1W3Sp,"katseye perform new song ""internet girl"" at first tour stop in minneapolis",internet girl,,0.0,0.0,0.0,0.0,neutral
https://www.reddit.com/r/popheads/comments/1oysfgu/teatime_trending_topics_november_16_2025/,"Teatime & Trending Topics - November 16, 2025",,,0.05863636363636364,0.8442727272727274,0.09718181818181817,0.17000454545454546,positive
https://youtu.be/e0Jl0dKIlU8?si=JTtgb-WWQfht12NR,"Jessie J shares preview of new song ""Sonflower"" üåª",sonflower,,0.0,0.0,0.0,0.0,neutral
https://www.reddit.com/r/popheads/comments/1oypmgj/your_rpopheads_fresh_recap_for_the_week_of/,"Your /r/PopHeads [FRESH] recap for the week of November 09 - November 15, 2025",,,0.031,0.8225,0.1465,0.8578,positive
https://www.instagram.com/p/DRE42bUDPs0/,"Danny L Harle to release ""Crystallise my tears"" featuring Oklou and MNEK on November 19",crystallise my tears,,0.0,0.0,0.0,0.0,neutral
https://www.reddit.com/r/popheads/comments/1oxycb1/teatime_trending_topics_november_15_2025/,"Teatime & Trending Topics - November 15, 2025",,,0.03819354838709677,0.845967741935484,0.11583870967741934,0.21480967741935486,positive
https://www.officialcharts.com/chart-news/rosalia-lux-taylor-swift-life-of-a-showgirl-albums/,ROSAL√çA becomes the highest-charting Spanish female artist ever on UK Official Albums Chart with LUX + Taylor Swift back to #1 with Life of a Showgirl,,,0.0,0.0,0.0,0.0,neutral
https://www.reddit.com/r/popheads/comments/1ox4ir7/how_can_artists_who_blow_up_very_quickly_be/,How can artists who blow up very quickly be better supported?,,,0.052000000000000005,0.8151999999999999,0.13292,0.37422400000000006,positive
https://www.instagram.com/p/DRCqO1kjVEd/?igsh=azFhNGFyemhuZXN2,"Olivia Dean Announces ""The Art of Loving - Live 2026"" North American Arena Tour",the art of loving - live 2026,,0.0,0.0,0.0,0.0,neutral
https://youtu.be/9qDmNGUqwY0?si=zuhpfIGr6QlCgkAR,"Karina Pasian - ""Solo Party""",solo party,,0.0,0.0,0.0,0.0,neutral
https://www.reddit.com/r/popheads/comments/1ox3o9c/teatime_trending_topics_november_14_2025/,"Teatime & Trending Topics - November 14, 2025",,,0.09463414634146342,0.7999756097560975,0.10543902439024391,-0.029082926829268295,neutral
https://www.youtube.com/watch?v=rNl21uPXOqo,"Wicked: For Good | Cynthia Erivo x Misty Copeland - ""No Good Deed""",no good deed,,0.0,0.0,0.0,0.0,neutral
https://www.reddit.com/r/popheads/comments/1owvwbz/jae_stephens_discusses_new_mixtape_main_pop_girls/,"Jae Stephens discusses new mixtape, main pop girls and the meaning of ""Afterbody"" on Main Pod Girl: the Popheads podcast",afterbody,,0.0,1.0,0.0,0.0,neutral
https://open.spotify.com/track/1kWbPGEMBUHv2XMIqHZayL?si=thqkNPCwTjmHZOHa1HigFA,"Skrillex, Dylan Brady & Caroline Polachek - ‚Äúhit me where it hurts x‚Äù",,,0.0,0.0,0.0,0.0,neutral
https://open.spotify.com/album/2qdNHigKoFUZtBlnXlYiwb?si=HjVQh4G5RweSK_8VZNQ-aw,"[FRESH ALBUM] Awich - Okinawan Wuman (Fully produced by RZA with Lupe Fiasco, Westside Gunn, ASAP Ferg, Joey Badass and MIKE features)",,rza with lupe fiasco,0.0,0.0,0.0,0.0,neutral
https://open.spotify.com/album/07BbyMM5K6ZGQQyHcJWZsN?si=2J4BZvB8TdKU7yDJ0awoQg,[FRESH ALBUM] Ransom and Conductor Williams - The Uncomfortable Truth,,,0.0,0.0,0.0,0.0,neutral
https://dela.bandcamp.com/album/jour-nuit-beat-tape,[FRESH ALBUM] dela - Jour & Nuit Beat Tape,,,0.0,0.0,0.0,0.0,neutral
https://open.spotify.com/track/4Ox4SdpdkRCjf3eXzyWeIC?si=1TBhPV74RBm26LM75fHzbw,[FRESH] Eem Triplin - If I Wanted To,,,0.0,0.0,0.0,0.0,neutral
https://open.spotify.com/album/0HqtaJLSCT9F0YPRadmigb?si=BsT7h-5bTqaX73sqXzdMbQ,[FRESH ALBUM] SINN6R - #FEDERAL,,,0.0,0.0,0.0,0.0,neutral
https://pitchfork.com/reviews/albums/wrens-half-of-what-you-see/,"Jude Noel reviews WRENS's 'Half of What You See' for Pitchfork: ""The jazz-rap ensemble‚Äôs second album is dense, chaotic, and thrilling, with electroacoustic abstraction grounded by casual humor and intentional collaboration.""","the jazz-rap ensemble‚Äôs second album is dense, chaotic, and thrilling, with electroacoustic abstraction grounded by casual humor and intentional collaboration.",casual humor and intentional collaboration.,0.0,0.0,0.0,0.0,neutral
https://open.spotify.com/album/3NizyTUwSKnpAoWQvAuWsf,[FRESH ALBUM] Bashy - Being Poor Is Expensive (Live Deluxe),,,0.0,0.0,0.0,0.0,neutral
https://www.youtube.com/watch?v=HqPORSHXdJk,[FRESH VIDEO] Polo G - High Tolerance,,,0.0,0.0,0.0,0.0,neutral
https://www.youtube.com/watch?v=gPZw6BBp_uA,[FRESH] Chuck Strangers and Evidence - BMOP,,,0.0,0.0,0.0,0.0,neutral
https://m.youtube.com/watch?v=zYGqQs-StWY,[FRESH VIDEO] 2Slimey - Roc,,,0.0,0.0,0.0,0.0,neutral
https://www.passionweiss.com/2025/11/19/mercy-armand-hammer-review/,"Writing ‚ÄòMercy‚Äô at the End of the World: An Armand Hammer Review. ""A requiem in heady 16s, Armand Hammer‚Äôs new album with The Alchemist continues their long-standing fight against entropy.""","a requiem in heady 16s, armand hammer‚Äôs new album with the alchemist continues their long-standing fight against entropy.",,0.0,0.0,0.0,0.0,neutral
https://open.spotify.com/album/0NFiLdU3yVc3qTEP7Bj6AT?si=0kptZElZTYG0TBGg4d_OvA,"[FRESH] Fly Anakin, Quelle Chris, $illMoney and Fatima -  Socks Over the Smoke Detector",,,0.0,0.0,0.0,0.0,neutral
https://youtu.be/6yp6PUhcm98?si=tL9Kfrj2fHbwob_Z,"[Throwback Thursday] Cyhi The Prynce- ""Sideways"" (Official Video)",sideways,,0.0,0.0,0.0,0.0,neutral
https://youtu.be/F2J8LOuXR8s?si=-ZN985l4LuSyrFyF,[FRESH VIDEO] Casper TNG (feat. 100BandPlan) - The Market (Official Video),,,0.0,0.0,0.0,0.0,neutral
https://youtu.be/xslAEdkCzg0?si=GJAHgc4O8J5RUgXy,"[FRESH VIDEO] Blueface , Zoe Osama, Spank Nitti James,  OC Chris & Supparay - 6''6'  (Prod By Hit-Boy)",,hit-boy,0.0,0.0,0.0,0.0,neutral
https://open.spotify.com/album/06j0rHIkaUHp7oTQyxg33u,[FRESH EP] Kenny Mason - Pup Pack: 1st Shift,,,0.0,0.0,0.0,0.0,neutral
https://www.reddit.com/r/hiphopheads/comments/1p19eor/max_bs_new_project_public_domain_7_the_first/,"Max B's new project ""Public Domain 7: The First Purge"" dropping on Nov. 28th",public domain 7: the first purge,,0.09253333333333333,0.8366,0.07086666666666666,-0.024873333333333334,neutral
https://pitchfork.com/reviews/albums/lade-laflair/,"Olivier Lafontant reviews lad√©'s 'LaFlair' for Pitchfork: ""The emergent SoundCloud graduate‚Äôs new full-length feels like a sleeker, more idyllic take on the original plugg scene of the 2010s.""","the emergent soundcloud graduate‚Äôs new full-length feels like a sleeker, more idyllic take on the original plugg scene of the 2010s.",,0.0,0.0,0.0,0.0,neutral
https://www.youtube.com/watch?v=Qhg1d5oqW2E,[FRESH] Zukovstheworld - Black Garments,,,0.0,0.0,0.0,0.0,neutral
https://open.spotify.com/album/06j0rHIkaUHp7oTQyxg33u,[FRESH EP] Kenny Mason - Pup Pack: 1st Shift,,,0.0,0.0,0.0,0.0,neutral
https://music.youtube.com/watch?v=DWhPBl1rurc&si=r4Mdr5kvHDXvJvM1,[FRESH] John Michel & Anthony James - MISS ME,,,0.0,0.0,0.0,0.0,neutral
https://stereogum.com/2479536/hit-boy-is-finally-free/interviews/qa,Hit-Boy Interview: Finally Free,,,0.0,0.0,0.0,0.0,neutral
https://pitchfork.com/reviews/albums/newcleus-jam-on-revenge/,"H.D. Angel's reviews Newcleus's 'Jam on Revenge' for Pitchfork: ""The Brooklyn electro crew‚Äôs 1984 debut gets a new reissue that shows how visionary and vital their work remains.""",the brooklyn electro crew‚Äôs 1984 debut gets a new reissue that shows how visionary and vital their work remains.,,0.0,0.0,0.0,0.0,neutral
https://youtu.be/NvLcnPHCCWQ?si=y5bUt_AEiYeGt43U,Zion I x DJ Fresh - US,,,0.0,0.0,0.0,0.0,neutral
https://www.youtube.com/watch?v=ppp7dMhzrz8,[FRESH] Lil Baby - Real Shit,,- real shit,0.0,0.0,0.0,0.0,neutral
https://open.spotify.com/album/6irobmRsWVUv2WKZndLl3M?si=06L1vIQeToSRp6jZAaM5qg,[FRESH ALBUM] Hus KingPin - PORTISHUS 2,,,0.0,0.0,0.0,0.0,neutral
https://open.spotify.com/album/74IYA22mZRDaTjdjt50Zdc?si=9i7Y9DrASAqhwoPMRLrfKg,[FRESH] Chris Patrick and MARCO PLUS - Frankenstein,,,0.0,0.0,0.0,0.0,neutral
https://youtu.be/ss9fRdpYdyI?si=iXZUVkdfKJd-1Zhg,[FRESH] Kneecap feat SUB FOCUS - No Comment,,,0.0,0.0,0.0,0.0,neutral
https://youtu.be/Pv10VxRx2dQ?si=cQ9VZT-onSUCBE0m,[FRESH VIDEO] Navy Blue - God's Kingdom,,,0.0,0.0,0.0,0.0,neutral
https://www.youtube.com/watch?v=rn7Kx92UAnc,[FRESH VIDEO] Armand Hammer & The Alchemist - California Games (feat. Earl Sweatshirt),,,0.0,0.0,0.0,0.0,neutral
https://open.spotify.com/album/4CvXQ6bvjOiA9N5PYMJOrn?si=MtoN-RnWS3qazQabCe9k1A,[FRESH] Lil Baby - Real Shit,,- real shit,0.0,0.0,0.0,0.0,neutral
https://youtu.be/4ZGJ_knKMnU?si=4QfnAVl4X4TCNfsu,[Fresh] Doe Boy - Overly Poppin (Official Music Video),,,0.0,0.0,0.0,0.0,neutral
https://youtu.be/8FFpwmxVQrA?si=DhTlM58RQ2caUfBZ,[FRESH VIDEO] Cavalier & Child Actor ‚Äî ‚ÄúSojourn‚Äù,,,0.0,0.0,0.0,0.0,neutral
https://music.apple.com/be/album/if-time-could-talk/1847914835?i=1847914836,[FRESH] Wesley Joseph - If Time Could Talk,,,0.0,0.0,0.0,0.0,neutral
https://youtu.be/Q2P9_WJFvgI?si=l96Ahh-u6JbWnOtu,[FRESH VIDEO] Domo Genesis & Graymatter - PLAINFACE,,,0.0,0.0,0.0,0.0,neutral
https://youtu.be/b9VHR9IS_cc?si=HT16yJFXV2gMmCO_,[FRESH VIDEO] Wallie The Sensei - BEAM ft. Roddy Ricch,,,0.0,0.0,0.0,0.0,neutral
https://www.youtube.com/watch?v=fGF5aQABmzg,[FRESH] La Reezy - Perspective,,,0.0,0.0,0.0,0.0,neutral
https://youtu.be/QmrGOLNE7Zs?si=QNdpsvtphW8uMgUz,[FRESH] Zach Farlow - Poe Flow,,,0.0,0.0,0.0,0.0,neutral
https://youtu.be/3rgDRpf8NDk?si=7Stp2MDc2AJ_sWZS,[FRESH VIDEO] Ransom & Conductor Williams- BOMAYE,,,0.0,0.0,0.0,0.0,neutral
https://open.spotify.com/album/2QZ2oHkkNKG8lFodTxYYWx?si=0dcEyY2PQlKOkUR64ctfSA,[FRESH] Michael Roady - moneyspreaddd,,,0.0,0.0,0.0,0.0,neutral
https://music.apple.com/us/album/hear-me-out/1852323085,[FRESH ALBUM] Chito Rana$ - Hear Me Out (featuring BlueBucksClan + more) [L.A. Trap],,,0.0,0.0,0.0,0.0,neutral
https://youtube.com/playlist?list=OLAK5uy_mQh1v1UcH3sDFSYWX3HGTaFobQd5Qf51k&si=b83PjnULq1ixn3wH,[FRESH ALBUM] Siete7x - Misunderstood,,,0.0,0.0,0.0,0.0,neutral
https://www.reddit.com/r/hiphopheads/comments/1ozo1vk/pink_siifu_announces_new_album_onyx_releasing_on/,"Pink Siifu Announces New Album ""ONYX'!"" Releasing on November 28th",onyx'!,,0.09614285714285715,0.8712142857142856,0.03271428571428572,-0.10463571428571428,negative
https://www.youtube.com/watch?v=2NGUBf7gLi4&list=RD2NGUBf7gLi4&start_radio=1,[FRESH VIDEO]  Hit-Boy & The Alchemist - Walk In Faith,,,0.0,0.0,0.0,0.0,neutral
https://youtu.be/Ra76RIWeRFM?si=ioaww_XkjoRsbQU8,[FRESH VIDEO] Jae Millz - Damaged Goods (Goodz Diss),,,0.0,0.0,0.0,0.0,neutral
https://music.apple.com/us/album/save/1853535726,"[FRESH ALBUM] Ben Reilly - SAVE! (featuring WESTSIDE BOOGIE, Jean Deaux + more)",,,0.0,0.0,0.0,0.0,neutral
https://open.spotify.com/album/3npjUa12X3KEuzIwXJbbXz?si=MwSOPTp8RH-5mWXEqFvXQQ,"[FRESH] P$C, Big Kuntry King, Young Dro and T.I. - Havin' My Way",,,0.0,0.0,0.0,0.0,neutral
https://www.youtube.com/watch?v=1sx1Ssea5H4,[FRESH VIDEO] Paul Wall & DJ Fresh - Dedicated to the game (Official Music Video),,,0.0,0.0,0.0,0.0,neutral
https://youtu.be/fadFq7giHiQ?si=0ao3Z2p0NJrKZ5t0,[FRESH VIDEO] OBIJUAN X DJ MUGGS - 'MISO',,,0.0,0.0,0.0,0.0,neutral
https://youtu.be/IdgGbB7EOkg?si=QMTj618R6eo_oyc6,[FRESH VIDEO] Drake - ICEMAN Episode 3 - CUTDOWN,,,0.0,0.0,0.0,0.0,neutral
https://www.reddit.com/r/hiphopheads/comments/1ozl0pu/sofaygo_sophomore_album_mania_dropping_this/,"SoFaygo sophomore album 'MANIA' dropping this Friday via Cactus Jack ‚Äì single ""MONEY & CLOTHES"" out now",money & clothes,,0.0,0.0,0.0,0.0,neutral
https://on.soundcloud.com/dnPu1ghMjqPEzTYXIc,[FRESH] AmonDogg - Sunshine,,,0.0,0.0,0.0,0.0,neutral
https://www.youtube.com/watch?v=vcmzWFOGCck,[FRESH VIDEO] JasonMartin and Mike & Keys - CAFALONIA,,,0.0,0.0,0.0,0.0,neutral
https://youtu.be/ooymJVeJ0Hg?si=BdTA_Hn7vVd0lesf,[FRESH VIDEO] Jason Flame - Inertia (Ain't Nothing to It),,,0.0,0.0,0.0,0.0,neutral
https://youtu.be/OOWpRnxMOhI?si=YEt-T2RFNZGMhZtN,Chief Keef - Rap Shit Ft. Lil Reese,,,0.0,0.0,0.0,0.0,neutral
https://www.youtube.com/watch?v=WDtu41mcViQ,[FRESH] [HYPE] Lil Negus (feat CoffinSharp & Marble G) -- All Them N*ggas Be Afraid Of Me,,,0.0,0.0,0.0,0.0,neutral
https://www.reddit.com/r/hiphopheads/comments/1oypesv/fresh_absoul_rapsody_joey_bada_nugeela/,"[FRESH] Ab-Soul, Rapsody & Joey Bada$$ - NU-GEE-LA",,,0.10704166666666666,0.7520833333333333,0.14079166666666668,0.10435833333333333,positive
https://youtube.com/watch?v=wa5mRsFpggw&si=Zp3aqWO8fFD8A8nq,[FRESH] Lazzee the Cynic - The Other Side (prod. Lazzee & Sleezee),,,0.0,0.0,0.0,0.0,neutral
https://youtu.be/bBCaHQXH7Gk?si=yqzYPUHdVrshWiwX,"Rockie Fresh - ""Thick Bitch (Hit My Jack)""",thick bitch (hit my jack),,0.0,0.0,0.0,0.0,neutral
https://youtu.be/Cj1SCv5HkKE?si=J3hwA0svI7-PmZss,[FRESH VIDEO] Pitbull & Lil Jon - Damn I Love Miami,,,0.0,0.0,0.0,0.0,neutral
https://open.spotify.com/album/1nh4dRPaYOOfxZCj4o5msP?si=RIEDczUfQIKmHiSdSwiF5g,[FRESH] Nhale & Larry June - Ride With Me,,,0.0,0.0,0.0,0.0,neutral
https://www.youtube.com/watch?v=zeCW1K1Np0k,[HYPE] SlimeGetEm - Gore,,,0.0,0.0,0.0,0.0,neutral
https://youtu.be/SrkMIWWwJ6Y?si=4H6z-4uYrZNxhW2H,[FRESH] TopRankGang - Out The Whip (Official Music Video),,,0.0,0.0,0.0,0.0,neutral
https://www.youtube.com/watch?v=I4QnmFVjJjg,[FRESH VIDEO] Fokis - Let's Get It,,,0.0,0.0,0.0,0.0,neutral
https://open.spotify.com/album/0FKXrgdNsIaY7pq6eWyemv?si=VrTSkslgQsmGoX2tYuNPQw,[FRESH] BiigSlime & Streameum (feat. Don Q) - RJ Barrett,,,0.0,0.0,0.0,0.0,neutral
https://open.spotify.com/track/31djYAZR2kl3HotgjFScEi?si=Rq-iA940Thu_3bHIYP5nWQ,"[FRESH] GENA, Liv.e, and Karriem Riggins - Circlesz",,,0.0,0.0,0.0,0.0,neutral
https://m.youtube.com/watch?v=qSw_8aeQ8NI,[FRESH] 11 miles - nezuko freestyle (video),,,0.0,0.0,0.0,0.0,neutral
https://youtu.be/9dOWTX7BnOg?si=7JZ_yZEawxYB_gzN,[FRESH VIDEO] YoungBoy Never Broke Again - Zero IQ Freestyle (Official Video),,,0.0,0.0,0.0,0.0,neutral
