subreddit,title,score,num_comments,created_utc,url,full_text,clean_text,song,artist,trend_keywords,engagement_label,engagement_score
Music,Smokey Robinson faces fresh accusations of sexual assault from male and female former employees,37,15,1763656949.0,https://www.the-independent.com/arts-entertainment/music/news/smokey-robinson-sexual-battery-accusers-b2869218.html,Smokey Robinson faces fresh accusations of sexual assault from male and female former employees ,smokey robinson faces fresh accusations of sexual assault from male and female former employees,,male and female former employees,fresh,LOW,30.4
Music,"Purely AI-generated music and ""artists"" need attribution",19,1,1763651610.0,https://www.reddit.com/r/Music/comments/1p25o7s/purely_aigenerated_music_and_artists_need/,"Purely AI-generated music and ""artists"" need attribution ","purely ai-generated music and ""artists"" need attribution",artists,,,LOW,13.6
Music,Red Hot Chili Peppers - Blood Sugar Sex Magik (Live at Woodstock '94) [Funk Rock],0,2,1763661385.0,https://youtu.be/q3cQ9_i3OEk?si=4g-37Yfg8-avHcgp,Red Hot Chili Peppers - Blood Sugar Sex Magik (Live at Woodstock '94) [Funk Rock] ,red hot chili peppers - blood sugar sex magik (live at woodstock '94) [funk rock],,,hot,LOW,0.6
Music,Why Is Bob Dylan Feuding With One of His Most Popular Fan Accounts?,60,58,1763593219.0,https://www.vulture.com/article/bob-dylan-daily-dylan-feud.html,Why Is Bob Dylan Feuding With One of His Most Popular Fan Accounts? ,why is bob dylan feuding with one of his most popular fan accounts?,,,popular,STABLE,59.4
Music,The White Stripes - Blue Orchid [Garage Rock],36,2,1763598212.0,https://youtu.be/hkKSagYpf9A?si=EK0L2jb2SR8sShs5,The White Stripes - Blue Orchid [Garage Rock] ,the white stripes - blue orchid [garage rock],,,hit,LOW,25.8
Music,Fresh Findings #9 is live!,0,1,1763657073.0,/r/u_dofthings/comments/1p281mj/fresh_findings_9_is_live/,Fresh Findings #9 is live! ,fresh findings #9 is live!,,,fresh,LOW,0.3
Music,"Elon Musk fires back at Billie Eilish calling him a ""fucking pathetic pussy bitch""",10315,1263,1763478602.0,https://www.nme.com/news/music/elon-musk-fires-back-at-billie-eilish-calling-him-a-fucking-pathetic-pussy-bitch-3909537,"Elon Musk fires back at Billie Eilish calling him a ""fucking pathetic pussy bitch"" ","elon musk fires back at billie eilish calling him a ""fucking pathetic pussy bitch""",fucking pathetic pussy bitch,,,TRENDING,7599.399999999999
Music,"""Pink Pony Club‚Äù (Chappell Roan cover) - Will Forte & ""Weird Al"" Yankovic [Pop]",0,0,1763648402.0,https://youtu.be/LCGSRg81LLg?si=YvnN7J04H-4kEr1S,"""Pink Pony Club‚Äù (Chappell Roan cover) - Will Forte & ""Weird Al"" Yankovic [Pop] ","""pink pony club‚Äù (chappell roan cover) - will forte & ""weird al"" yankovic [pop]",pink pony club‚Äù (chappell roan cover) - will forte &,,,LOW,0.0
Music,"Gershwin ""Who cares?"" (piano solo) sheet music, Noten, partitura, spartiti",0,0,1763648352.0,/r/pianoteachers/comments/1p24awh/gershwin_who_cares_piano_solo_sheet_music_noten/,"Gershwin ""Who cares?"" (piano solo) sheet music, Noten, partitura, spartiti ","gershwin ""who cares?"" (piano solo) sheet music, noten, partitura, spartiti",who cares?,,,LOW,0.0
Music,Mortimer Nyx - The BULL ($hit) [hard rock/electronic rock],0,0,1763628190.0,https://youtu.be/5l8MtejOFBI?si=1Tt3_GiJ5Y9O3hsn,Mortimer Nyx - The BULL ($hit) [hard rock/electronic rock] ,mortimer nyx - the bull ($hit) [hard rock/electronic rock],,,hit,LOW,0.0
Music,"Lily Allen shares details on creation of new album after split: ""It said everything that I needed to say""",0,1,1763646995.0,https://www.cbsnews.com/news/lily-allen-details-new-album-after-split/,"Lily Allen shares details on creation of new album after split: ""It said everything that I needed to say"" ","lily allen shares details on creation of new album after split: ""it said everything that i needed to say""",it said everything that i needed to say,,,LOW,0.3
Music,"Country music hit songwriter, Alabama native, dead at 70",0,4,1763644508.0,https://www.al.com/life/2025/11/country-music-hit-songwriter-alabama-native-dead-at-70.html,"Country music hit songwriter, Alabama native, dead at 70 ","country music hit songwriter, alabama native, dead at 70",,,hit,LOW,1.2
Music,"Pink Floyd's ""Shine On You Crazy Diamond"" Parts 1-9 Released as One Continuous Track for First Time",851,41,1763478225.0,https://consequence.net/2025/11/pink-floyd-shine-on-you-crazy-diamond-parts-1-9/,"Pink Floyd's ""Shine On You Crazy Diamond"" Parts 1-9 Released as One Continuous Track for First Time ","pink floyd's ""shine on you crazy diamond"" parts 1-9 released as one continuous track for first time",shine on you crazy diamond,,,TRENDING,607.9999999999999
Music,"Steve Winwood and Anders Enger Jensen - ""Valerie"" [Synth-pop]",5,1,1763577502.0,https://www.youtube.com/watch?v=fcnuXKau9QQ,"Steve Winwood and Anders Enger Jensen - ""Valerie"" [Synth-pop] ","steve winwood and anders enger jensen - ""valerie"" [synth-pop]",valerie,,,LOW,3.8
PopHeads,HAVEN.‚Äôs 'I Run' Was a Hit. AI Deepfake Allegations Stopped It.,60,39,1763666508.0,https://www.billboard.com/pro/haven-i-run-poised-hit-ai-deepfake-allegations-slowed/,HAVEN.‚Äôs 'I Run' Was a Hit. AI Deepfake Allegations Stopped It. ,haven.‚Äôs 'i run' was a hit. ai deepfake allegations stopped it.,,,hit,STABLE,53.7
PopHeads,Bree Runway - HOT LIKE!,20,1,1763684228.0,https://music.apple.com/gb/album/hot-like/1852638062?i=1852638067,Bree Runway - HOT LIKE! ,bree runway - hot like!,,,hot,LOW,14.3
PopHeads,"Teatime & Trending Topics - November 20, 2025",24,32,1763661635.0,https://www.reddit.com/r/popheads/comments/1p2a3do/teatime_trending_topics_november_20_2025/,"Teatime & Trending Topics - November 20, 2025 ","teatime & trending topics - november 20, 2025",,,"trend, trending",LOW,26.4
PopHeads,Billboard: The 50 Best Rock Bands,6,5,1763660000.0,https://www.billboard.com/lists/best-rock-bands/,Billboard: The 50 Best Rock Bands ,billboard: the 50 best rock bands,,,billboard,LOW,5.699999999999999
PopHeads,"Danny L Harle to release new album ""Cerulean"" on February 13th, featuring PinkPantheress, Caroline Polachek (2x), Clairo, Julia Michaels, Kacha, Oklou & MNEK",222,22,1763576920.0,https://shop.dannylharle.com/products/cerulean-lp-black,"Danny L Harle to release new album ""Cerulean"" on February 13th, featuring PinkPantheress, Caroline Polachek (2x), Clairo, Julia Michaels, Kacha, Oklou & MNEK ","danny l harle to release new album ""cerulean"" on february 13th, featuring pinkpantheress, caroline polachek (2x), clairo, julia michaels, kacha, oklou & mnek",cerulean,,,EMERGING,161.99999999999997
PopHeads,"Kesha Announces ""Animal + Cannibal 15th Anniversary Collection"" with 6 Previously Unreleased Tracks",286,75,1763571979.0,https://www.instagram.com/p/DRPuI-XCYFg,"Kesha Announces ""Animal + Cannibal 15th Anniversary Collection"" with 6 Previously Unreleased Tracks ","kesha announces ""animal + cannibal 15th anniversary collection"" with 6 previously unreleased tracks",animal + cannibal 15th anniversary collection,,,EMERGING,222.7
PopHeads,Billboard seems to have decided to exclude AI-generated music from the Hot 100,1114,74,1763531195.0,https://www.reddit.com/r/popheads/comments/1p0zgom/billboard_seems_to_have_decided_to_exclude/,Billboard seems to have decided to exclude AI-generated music from the Hot 100 ,billboard seems to have decided to exclude ai-generated music from the hot 100,,the hot 100,"billboard, hot",TRENDING,802.0
PopHeads,"Teatime & Trending Topics - November 19, 2025",22,38,1763575249.0,https://www.reddit.com/r/popheads/comments/1p1eskq/teatime_trending_topics_november_19_2025/,"Teatime & Trending Topics - November 19, 2025 ","teatime & trending topics - november 19, 2025",,,"trend, trending",LOW,26.799999999999997
PopHeads,"Kesha looks back at her debut 15 years later: ""What a fearless bad bitch!""",258,22,1763510705.0,http://rollingstone.com/music/music-features/kesha-animal-cannibal-15th-anniversary-interview-1235467581,"Kesha looks back at her debut 15 years later: ""What a fearless bad bitch!"" ","kesha looks back at her debut 15 years later: ""what a fearless bad bitch!""",what a fearless bad bitch!,,,EMERGING,187.2
PopHeads,"Taylor Swift‚Äôs ‚ÄòThe Fate of Ophelia‚Äô Rules Hot 100 for Sixth Week, Sombr Scores First Top 10 With ‚ÄòBack to Friends‚Äô",253,127,1763500265.0,https://www.billboard.com/lists/taylor-swift-hot-100-the-fate-of-ophelia-six-weeks/,"Taylor Swift‚Äôs ‚ÄòThe Fate of Ophelia‚Äô Rules Hot 100 for Sixth Week, Sombr Scores First Top 10 With ‚ÄòBack to Friends‚Äô ","taylor swift‚Äôs ‚Äòthe fate of ophelia‚Äô rules hot 100 for sixth week, sombr scores first top 10 with ‚Äòback to friends‚Äô",,,hot,EMERGING,215.2
PopHeads,"The mixed success of ""quintessentially British acts"" in America",120,111,1763475176.0,https://www.reddit.com/r/popheads/comments/1p0czh4/the_mixed_success_of_quintessentially_british/,"The mixed success of ""quintessentially British acts"" in America ","the mixed success of ""quintessentially british acts"" in america",quintessentially british acts,,,EMERGING,117.3
PopHeads,"Teatime & Trending Topics - November 18, 2025",23,26,1763488850.0,https://www.reddit.com/r/popheads/comments/1p0izl0/teatime_trending_topics_november_18_2025/,"Teatime & Trending Topics - November 18, 2025 ","teatime & trending topics - november 18, 2025",,,"trend, trending",LOW,23.9
PopHeads,"The Alternative Number Ones: Alanis Morrisette's ""Ironic""",37,5,1763453886.0,https://stereogum.com/2479415/the-alternative-number-ones-alanis-morissettes-ironic/columns,"The Alternative Number Ones: Alanis Morrisette's ""Ironic"" ","the alternative number ones: alanis morrisette's ""ironic""",ironic,,number one,LOW,27.4
PopHeads,"Madeon - Car Crash Baby ""out Friday""",5,2,1763487594.0,https://youtube.com/shorts/EVa0OyrnPHs?si=9ixxX2I03ONJmyV9,"Madeon - Car Crash Baby ""out Friday"" ","madeon - car crash baby ""out friday""",out friday,,,LOW,4.1
PopHeads,"The Virgo Queen teases debut single ""So Into You""",4,1,1763489437.0,https://www.instagram.com/reel/DRKdGf7EZh6/?utm_source=ig_web_copy_link&igsh=MzRlODBiNWFlZA==,"The Virgo Queen teases debut single ""So Into You"" ","the virgo queen teases debut single ""so into you""",so into you,,,LOW,3.0999999999999996
PopHeads,"Jack White, Post Malone and Lil Jon to Headline NFL Thanksgiving Halftime Shows",19,7,1763437087.0,https://www.hollywoodreporter.com/music/music-news/nfl-thanksgiving-2025-jack-white-post-malone-lil-jon-halftime-1236428835/,"Jack White, Post Malone and Lil Jon to Headline NFL Thanksgiving Halftime Shows ","jack white, post malone and lil jon to headline nfl thanksgiving halftime shows",,,hit,LOW,15.399999999999999
PopHeads,"Teatime & Trending Topics - November 17, 2025",34,58,1763402440.0,https://www.reddit.com/r/popheads/comments/1oznbac/teatime_trending_topics_november_17_2025/,"Teatime & Trending Topics - November 17, 2025 ","teatime & trending topics - november 17, 2025",,,"trend, trending",LOW,41.199999999999996
PopHeads,"Lizzy McAlpine teases live version of ""Pushing it Down and Praying"" via her website",9,0,1763406648.0,https://lizzymcalpine.com,"Lizzy McAlpine teases live version of ""Pushing it Down and Praying"" via her website ","lizzy mcalpine teases live version of ""pushing it down and praying"" via her website",pushing it down and praying,,,LOW,6.3
PopHeads,Taylor Swift‚Äôs ‚ÄòThe Life of a Showgirl‚Äô Spends Sixth Week at No. 1 on Billboard 200,400,350,1763323371.0,https://www.billboard.com/music/chart-beat/taylor-swift-showgirl-sixth-week-number-one-billboard-200-1236114505/?taid=691a2dc852af45000183b0ba&utm_campaign=trueanthem&utm_medium=social&utm_source=twitter,Taylor Swift‚Äôs ‚ÄòThe Life of a Showgirl‚Äô Spends Sixth Week at No. 1 on Billboard 200 ,taylor swift‚Äôs ‚Äòthe life of a showgirl‚Äô spends sixth week at no. 1 on billboard 200,,,billboard,TRENDING,385.0
PopHeads,"katseye perform new song ""internet girl"" at first tour stop in minneapolis",183,163,1763287373.0,https://youtube.com/shorts/S5zAUIrY2j4?si=UC2Fg8iLJpZ1W3Sp,"katseye perform new song ""internet girl"" at first tour stop in minneapolis ","katseye perform new song ""internet girl"" at first tour stop in minneapolis",internet girl,,,EMERGING,177.0
PopHeads,"Teatime & Trending Topics - November 16, 2025",35,23,1763316060.0,https://www.reddit.com/r/popheads/comments/1oysfgu/teatime_trending_topics_november_16_2025/,"Teatime & Trending Topics - November 16, 2025 ","teatime & trending topics - november 16, 2025",,,"trend, trending",LOW,31.4
PopHeads,"Jessie J shares preview of new song ""Sonflower"" üåª",8,1,1763343584.0,https://youtu.be/e0Jl0dKIlU8?si=JTtgb-WWQfht12NR,"Jessie J shares preview of new song ""Sonflower"" üåª ","jessie j shares preview of new song ""sonflower"" üåª",sonflower,,,LOW,5.8999999999999995
PopHeads,"Your /r/PopHeads [FRESH] recap for the week of November 09 - November 15, 2025",9,2,1763309497.0,https://www.reddit.com/r/popheads/comments/1oypmgj/your_rpopheads_fresh_recap_for_the_week_of/,"Your /r/PopHeads [FRESH] recap for the week of November 09 - November 15, 2025 ","your /r/popheads [fresh] recap for the week of november 09 - november 15, 2025",,,fresh,LOW,6.8999999999999995
PopHeads,"Danny L Harle to release ""Crystallise my tears"" featuring Oklou and MNEK on November 19",145,13,1763212288.0,https://www.instagram.com/p/DRE42bUDPs0/,"Danny L Harle to release ""Crystallise my tears"" featuring Oklou and MNEK on November 19 ","danny l harle to release ""crystallise my tears"" featuring oklou and mnek on november 19",crystallise my tears,,,STABLE,105.4
PopHeads,"Teatime & Trending Topics - November 15, 2025",37,33,1763229657.0,https://www.reddit.com/r/popheads/comments/1oxycb1/teatime_trending_topics_november_15_2025/,"Teatime & Trending Topics - November 15, 2025 ","teatime & trending topics - november 15, 2025",,,"trend, trending",LOW,35.8
PopHeads,ROSAL√çA becomes the highest-charting Spanish female artist ever on UK Official Albums Chart with LUX + Taylor Swift back to #1 with Life of a Showgirl,1108,81,1763139164.0,https://www.officialcharts.com/chart-news/rosalia-lux-taylor-swift-life-of-a-showgirl-albums/,ROSAL√çA becomes the highest-charting Spanish female artist ever on UK Official Albums Chart with LUX + Taylor Swift back to #1 with Life of a Showgirl ,rosal√≠a becomes the highest-charting spanish female artist ever on uk official albums chart with lux + taylor swift back to #1 with life of a showgirl,,,charting,TRENDING,799.8999999999999
PopHeads,How can artists who blow up very quickly be better supported?,146,25,1763145089.0,https://www.reddit.com/r/popheads/comments/1ox4ir7/how_can_artists_who_blow_up_very_quickly_be/,How can artists who blow up very quickly be better supported? ,how can artists who blow up very quickly be better supported?,,,blow up,STABLE,109.69999999999999
PopHeads,"Olivia Dean Announces ""The Art of Loving - Live 2026"" North American Arena Tour",119,62,1763140817.0,https://www.instagram.com/p/DRCqO1kjVEd/?igsh=azFhNGFyemhuZXN2,"Olivia Dean Announces ""The Art of Loving - Live 2026"" North American Arena Tour ","olivia dean announces ""the art of loving - live 2026"" north american arena tour",the art of loving - live 2026,,,STABLE,101.89999999999999
PopHeads,"Karina Pasian - ""Solo Party""",4,3,1763206897.0,https://youtu.be/9qDmNGUqwY0?si=zuhpfIGr6QlCgkAR,"Karina Pasian - ""Solo Party"" ","karina pasian - ""solo party""",solo party,,,LOW,3.6999999999999997
PopHeads,"Teatime & Trending Topics - November 14, 2025",34,41,1763143239.0,https://www.reddit.com/r/popheads/comments/1ox3o9c/teatime_trending_topics_november_14_2025/,"Teatime & Trending Topics - November 14, 2025 ","teatime & trending topics - november 14, 2025",,,"trend, trending",LOW,36.099999999999994
PopHeads,"Wicked: For Good | Cynthia Erivo x Misty Copeland - ""No Good Deed""",52,6,1763130072.0,https://www.youtube.com/watch?v=rNl21uPXOqo,"Wicked: For Good | Cynthia Erivo x Misty Copeland - ""No Good Deed"" ","wicked: for good | cynthia erivo x misty copeland - ""no good deed""",no good deed,,,STABLE,38.199999999999996
PopHeads,"Jae Stephens discusses new mixtape, main pop girls and the meaning of ""Afterbody"" on Main Pod Girl: the Popheads podcast",29,2,1763125361.0,https://www.reddit.com/r/popheads/comments/1owvwbz/jae_stephens_discusses_new_mixtape_main_pop_girls/,"Jae Stephens discusses new mixtape, main pop girls and the meaning of ""Afterbody"" on Main Pod Girl: the Popheads podcast ","jae stephens discusses new mixtape, main pop girls and the meaning of ""afterbody"" on main pod girl: the popheads podcast",afterbody,,,LOW,20.9
PopHeads,"Skrillex, Dylan Brady & Caroline Polachek - ‚Äúhit me where it hurts x‚Äù",118,14,1763096770.0,https://open.spotify.com/track/1kWbPGEMBUHv2XMIqHZayL?si=thqkNPCwTjmHZOHa1HigFA,"Skrillex, Dylan Brady & Caroline Polachek - ‚Äúhit me where it hurts x‚Äù ","skrillex, dylan brady & caroline polachek - ‚Äúhit me where it hurts x‚Äù",,,hit,STABLE,86.8
HipHopHeads,"[FRESH ALBUM] Awich - Okinawan Wuman (Fully produced by RZA with Lupe Fiasco, Westside Gunn, ASAP Ferg, Joey Badass and MIKE features)",47,4,1763673833.0,https://open.spotify.com/album/2qdNHigKoFUZtBlnXlYiwb?si=HjVQh4G5RweSK_8VZNQ-aw,"[FRESH ALBUM] Awich - Okinawan Wuman (Fully produced by RZA with Lupe Fiasco, Westside Gunn, ASAP Ferg, Joey Badass and MIKE features) ","[fresh album] awich - okinawan wuman (fully produced by rza with lupe fiasco, westside gunn, asap ferg, joey badass and mike features)",,rza with lupe fiasco,fresh,LOW,34.1
HipHopHeads,[FRESH ALBUM] Ransom and Conductor Williams - The Uncomfortable Truth,135,19,1763617835.0,https://open.spotify.com/album/07BbyMM5K6ZGQQyHcJWZsN?si=2J4BZvB8TdKU7yDJ0awoQg,[FRESH ALBUM] Ransom and Conductor Williams - The Uncomfortable Truth ,[fresh album] ransom and conductor williams - the uncomfortable truth,,,fresh,STABLE,100.2
HipHopHeads,[FRESH ALBUM] dela - Jour & Nuit Beat Tape,2,0,1763689409.0,https://dela.bandcamp.com/album/jour-nuit-beat-tape,[FRESH ALBUM] dela - Jour & Nuit Beat Tape ,[fresh album] dela - jour & nuit beat tape,,,fresh,LOW,1.4
HipHopHeads,[FRESH] Eem Triplin - If I Wanted To,6,0,1763666104.0,https://open.spotify.com/track/4Ox4SdpdkRCjf3eXzyWeIC?si=1TBhPV74RBm26LM75fHzbw,[FRESH] Eem Triplin - If I Wanted To ,[fresh] eem triplin - if i wanted to,,,fresh,LOW,4.199999999999999
HipHopHeads,[FRESH ALBUM] SINN6R - #FEDERAL,3,1,1763686286.0,https://open.spotify.com/album/0HqtaJLSCT9F0YPRadmigb?si=BsT7h-5bTqaX73sqXzdMbQ,[FRESH ALBUM] SINN6R - #FEDERAL ,[fresh album] sinn6r - #federal,,,fresh,LOW,2.3999999999999995
HipHopHeads,"Jude Noel reviews WRENS's 'Half of What You See' for Pitchfork: ""The jazz-rap ensemble‚Äôs second album is dense, chaotic, and thrilling, with electroacoustic abstraction grounded by casual humor and intentional collaboration.""",8,1,1763653991.0,https://pitchfork.com/reviews/albums/wrens-half-of-what-you-see/,"Jude Noel reviews WRENS's 'Half of What You See' for Pitchfork: ""The jazz-rap ensemble‚Äôs second album is dense, chaotic, and thrilling, with electroacoustic abstraction grounded by casual humor and intentional collaboration."" ","jude noel reviews wrens's 'half of what you see' for pitchfork: ""the jazz-rap ensemble‚Äôs second album is dense, chaotic, and thrilling, with electroacoustic abstraction grounded by casual humor and intentional collaboration.""","the jazz-rap ensemble‚Äôs second album is dense, chaotic, and thrilling, with electroacoustic abstraction grounded by casual humor and intentional collaboration.",casual humor and intentional collaboration.,,LOW,5.8999999999999995
HipHopHeads,[FRESH ALBUM] Bashy - Being Poor Is Expensive (Live Deluxe),1,0,1763690516.0,https://open.spotify.com/album/3NizyTUwSKnpAoWQvAuWsf,[FRESH ALBUM] Bashy - Being Poor Is Expensive (Live Deluxe) ,[fresh album] bashy - being poor is expensive (live deluxe),,,fresh,LOW,0.7
HipHopHeads,[FRESH VIDEO] Polo G - High Tolerance,0,0,1763690232.0,https://www.youtube.com/watch?v=HqPORSHXdJk,[FRESH VIDEO] Polo G - High Tolerance ,[fresh video] polo g - high tolerance,,,fresh,LOW,0.0
HipHopHeads,[FRESH] Chuck Strangers and Evidence - BMOP,6,1,1763658698.0,https://www.youtube.com/watch?v=gPZw6BBp_uA,[FRESH] Chuck Strangers and Evidence - BMOP ,[fresh] chuck strangers and evidence - bmop,,,fresh,LOW,4.499999999999999
HipHopHeads,[FRESH VIDEO] 2Slimey - Roc,3,5,1763676182.0,https://m.youtube.com/watch?v=zYGqQs-StWY,[FRESH VIDEO] 2Slimey - Roc ,[fresh video] 2slimey - roc,,,fresh,LOW,3.5999999999999996
HipHopHeads,"Writing ‚ÄòMercy‚Äô at the End of the World: An Armand Hammer Review. ""A requiem in heady 16s, Armand Hammer‚Äôs new album with The Alchemist continues their long-standing fight against entropy.""",17,1,1763634301.0,https://www.passionweiss.com/2025/11/19/mercy-armand-hammer-review/,"Writing ‚ÄòMercy‚Äô at the End of the World: An Armand Hammer Review. ""A requiem in heady 16s, Armand Hammer‚Äôs new album with The Alchemist continues their long-standing fight against entropy."" ","writing ‚Äòmercy‚Äô at the end of the world: an armand hammer review. ""a requiem in heady 16s, armand hammer‚Äôs new album with the alchemist continues their long-standing fight against entropy.""","a requiem in heady 16s, armand hammer‚Äôs new album with the alchemist continues their long-standing fight against entropy.",,,LOW,12.2
HipHopHeads,"[FRESH] Fly Anakin, Quelle Chris, $illMoney and Fatima -  Socks Over the Smoke Detector",35,4,1763617979.0,https://open.spotify.com/album/0NFiLdU3yVc3qTEP7Bj6AT?si=0kptZElZTYG0TBGg4d_OvA,"[FRESH] Fly Anakin, Quelle Chris, $illMoney and Fatima -  Socks Over the Smoke Detector ","[fresh] fly anakin, quelle chris, $illmoney and fatima - socks over the smoke detector",,,fresh,LOW,25.7
HipHopHeads,"[Throwback Thursday] Cyhi The Prynce- ""Sideways"" (Official Video)",6,0,1763649708.0,https://youtu.be/6yp6PUhcm98?si=tL9Kfrj2fHbwob_Z,"[Throwback Thursday] Cyhi The Prynce- ""Sideways"" (Official Video) ","[throwback thursday] cyhi the prynce- ""sideways"" (official video)",sideways,,,LOW,4.199999999999999
HipHopHeads,[FRESH VIDEO] Casper TNG (feat. 100BandPlan) - The Market (Official Video),1,0,1763680252.0,https://youtu.be/F2J8LOuXR8s?si=-ZN985l4LuSyrFyF,[FRESH VIDEO] Casper TNG (feat. 100BandPlan) - The Market (Official Video) ,[fresh video] casper tng (feat. 100bandplan) - the market (official video),,,fresh,LOW,0.7
HipHopHeads,"[FRESH VIDEO] Blueface , Zoe Osama, Spank Nitti James,  OC Chris & Supparay - 6''6'  (Prod By Hit-Boy)",3,2,1763645896.0,https://youtu.be/xslAEdkCzg0?si=GJAHgc4O8J5RUgXy,"[FRESH VIDEO] Blueface , Zoe Osama, Spank Nitti James,  OC Chris & Supparay - 6''6'  (Prod By Hit-Boy) ","[fresh video] blueface , zoe osama, spank nitti james, oc chris & supparay - 6''6' (prod by hit-boy)",,hit-boy,"hit, fresh",LOW,2.6999999999999997
HipHopHeads,[FRESH EP] Kenny Mason - Pup Pack: 1st Shift,38,1,1763591600.0,https://open.spotify.com/album/06j0rHIkaUHp7oTQyxg33u,[FRESH EP] Kenny Mason - Pup Pack: 1st Shift ,[fresh ep] kenny mason - pup pack: 1st shift,,,fresh,LOW,26.9
HipHopHeads,"Max B's new project ""Public Domain 7: The First Purge"" dropping on Nov. 28th",156,15,1763563207.0,https://www.reddit.com/r/hiphopheads/comments/1p19eor/max_bs_new_project_public_domain_7_the_first/,"Max B's new project ""Public Domain 7: The First Purge"" dropping on Nov. 28th ","max b's new project ""public domain 7: the first purge"" dropping on nov. 28th",public domain 7: the first purge,,,STABLE,113.69999999999999
HipHopHeads,"Olivier Lafontant reviews lad√©'s 'LaFlair' for Pitchfork: ""The emergent SoundCloud graduate‚Äôs new full-length feels like a sleeker, more idyllic take on the original plugg scene of the 2010s.""",0,1,1763654032.0,https://pitchfork.com/reviews/albums/lade-laflair/,"Olivier Lafontant reviews lad√©'s 'LaFlair' for Pitchfork: ""The emergent SoundCloud graduate‚Äôs new full-length feels like a sleeker, more idyllic take on the original plugg scene of the 2010s."" ","olivier lafontant reviews lad√©'s 'laflair' for pitchfork: ""the emergent soundcloud graduate‚Äôs new full-length feels like a sleeker, more idyllic take on the original plugg scene of the 2010s.""","the emergent soundcloud graduate‚Äôs new full-length feels like a sleeker, more idyllic take on the original plugg scene of the 2010s.",,,LOW,0.3
HipHopHeads,[FRESH] Zukovstheworld - Black Garments,2,1,1763617974.0,https://www.youtube.com/watch?v=Qhg1d5oqW2E,[FRESH] Zukovstheworld - Black Garments ,[fresh] zukovstheworld - black garments,,,fresh,LOW,1.7
HipHopHeads,[FRESH EP] Kenny Mason - Pup Pack: 1st Shift,123,13,1763529807.0,https://open.spotify.com/album/06j0rHIkaUHp7oTQyxg33u,[FRESH EP] Kenny Mason - Pup Pack: 1st Shift ,[fresh ep] kenny mason - pup pack: 1st shift,,,fresh,STABLE,90.0
HipHopHeads,[FRESH] John Michel & Anthony James - MISS ME,8,1,1763584998.0,https://music.youtube.com/watch?v=DWhPBl1rurc&si=r4Mdr5kvHDXvJvM1,[FRESH] John Michel & Anthony James - MISS ME ,[fresh] john michel & anthony james - miss me,,,fresh,LOW,5.8999999999999995
HipHopHeads,Hit-Boy Interview: Finally Free,12,0,1763566859.0,https://stereogum.com/2479536/hit-boy-is-finally-free/interviews/qa,Hit-Boy Interview: Finally Free ,hit-boy interview: finally free,,,hit,LOW,8.399999999999999
HipHopHeads,"H.D. Angel's reviews Newcleus's 'Jam on Revenge' for Pitchfork: ""The Brooklyn electro crew‚Äôs 1984 debut gets a new reissue that shows how visionary and vital their work remains.""",6,1,1763567969.0,https://pitchfork.com/reviews/albums/newcleus-jam-on-revenge/,"H.D. Angel's reviews Newcleus's 'Jam on Revenge' for Pitchfork: ""The Brooklyn electro crew‚Äôs 1984 debut gets a new reissue that shows how visionary and vital their work remains."" ","h.d. angel's reviews newcleus's 'jam on revenge' for pitchfork: ""the brooklyn electro crew‚Äôs 1984 debut gets a new reissue that shows how visionary and vital their work remains.""",the brooklyn electro crew‚Äôs 1984 debut gets a new reissue that shows how visionary and vital their work remains.,,,LOW,4.499999999999999
HipHopHeads,Zion I x DJ Fresh - US,6,1,1763565750.0,https://youtu.be/NvLcnPHCCWQ?si=y5bUt_AEiYeGt43U,Zion I x DJ Fresh - US ,zion i x dj fresh - us,,,fresh,LOW,4.499999999999999
HipHopHeads,[FRESH] Lil Baby - Real Shit,1,3,1763574306.0,https://www.youtube.com/watch?v=ppp7dMhzrz8,[FRESH] Lil Baby - Real Shit ,[fresh] lil baby - real shit,,- real shit,"hit, fresh",LOW,1.5999999999999999
HipHopHeads,[FRESH ALBUM] Hus KingPin - PORTISHUS 2,6,1,1763540409.0,https://open.spotify.com/album/6irobmRsWVUv2WKZndLl3M?si=06L1vIQeToSRp6jZAaM5qg,[FRESH ALBUM] Hus KingPin - PORTISHUS 2 ,[fresh album] hus kingpin - portishus 2,,,fresh,LOW,4.499999999999999
HipHopHeads,[FRESH] Chris Patrick and MARCO PLUS - Frankenstein,5,2,1763539587.0,https://open.spotify.com/album/74IYA22mZRDaTjdjt50Zdc?si=9i7Y9DrASAqhwoPMRLrfKg,[FRESH] Chris Patrick and MARCO PLUS - Frankenstein ,[fresh] chris patrick and marco plus - frankenstein,,,fresh,LOW,4.1
HipHopHeads,[FRESH] Kneecap feat SUB FOCUS - No Comment,55,39,1763491902.0,https://youtu.be/ss9fRdpYdyI?si=iXZUVkdfKJd-1Zhg,[FRESH] Kneecap feat SUB FOCUS - No Comment ,[fresh] kneecap feat sub focus - no comment,,,fresh,STABLE,50.2
HipHopHeads,[FRESH VIDEO] Navy Blue - God's Kingdom,52,4,1763488542.0,https://youtu.be/Pv10VxRx2dQ?si=cQ9VZT-onSUCBE0m,[FRESH VIDEO] Navy Blue - God's Kingdom ,[fresh video] navy blue - god's kingdom,,,fresh,STABLE,37.6
HipHopHeads,[FRESH VIDEO] Armand Hammer & The Alchemist - California Games (feat. Earl Sweatshirt),66,3,1763482942.0,https://www.youtube.com/watch?v=rn7Kx92UAnc,[FRESH VIDEO] Armand Hammer & The Alchemist - California Games (feat. Earl Sweatshirt) ,[fresh video] armand hammer & the alchemist - california games (feat. earl sweatshirt),,,fresh,STABLE,47.099999999999994
HipHopHeads,[FRESH] Lil Baby - Real Shit,0,7,1763586170.0,https://open.spotify.com/album/4CvXQ6bvjOiA9N5PYMJOrn?si=MtoN-RnWS3qazQabCe9k1A,[FRESH] Lil Baby - Real Shit ,[fresh] lil baby - real shit,,- real shit,"hit, fresh",LOW,2.1
HipHopHeads,[Fresh] Doe Boy - Overly Poppin (Official Music Video),5,0,1763514178.0,https://youtu.be/4ZGJ_knKMnU?si=4QfnAVl4X4TCNfsu,[Fresh] Doe Boy - Overly Poppin (Official Music Video) ,[fresh] doe boy - overly poppin (official music video),,,fresh,LOW,3.5
HipHopHeads,[FRESH VIDEO] Cavalier & Child Actor ‚Äî ‚ÄúSojourn‚Äù,5,0,1763507062.0,https://youtu.be/8FFpwmxVQrA?si=DhTlM58RQ2caUfBZ,[FRESH VIDEO] Cavalier & Child Actor ‚Äî ‚ÄúSojourn‚Äù ,[fresh video] cavalier & child actor ‚Äî ‚Äúsojourn‚Äù,,,fresh,LOW,3.5
HipHopHeads,[FRESH] Wesley Joseph - If Time Could Talk,8,2,1763500391.0,https://music.apple.com/be/album/if-time-could-talk/1847914835?i=1847914836,[FRESH] Wesley Joseph - If Time Could Talk ,[fresh] wesley joseph - if time could talk,,,fresh,LOW,6.199999999999999
HipHopHeads,[FRESH VIDEO] Domo Genesis & Graymatter - PLAINFACE,11,1,1763491852.0,https://youtu.be/Q2P9_WJFvgI?si=l96Ahh-u6JbWnOtu,[FRESH VIDEO] Domo Genesis & Graymatter - PLAINFACE ,[fresh video] domo genesis & graymatter - plainface,,,fresh,LOW,7.999999999999999
HipHopHeads,[FRESH VIDEO] Wallie The Sensei - BEAM ft. Roddy Ricch,25,2,1763473143.0,https://youtu.be/b9VHR9IS_cc?si=HT16yJFXV2gMmCO_,[FRESH VIDEO] Wallie The Sensei - BEAM ft. Roddy Ricch ,[fresh video] wallie the sensei - beam ft. roddy ricch,,,fresh,LOW,18.1
HipHopHeads,[FRESH] La Reezy - Perspective,3,1,1763499059.0,https://www.youtube.com/watch?v=fGF5aQABmzg,[FRESH] La Reezy - Perspective ,[fresh] la reezy - perspective,,,fresh,LOW,2.3999999999999995
HipHopHeads,[FRESH] Zach Farlow - Poe Flow,4,1,1763491938.0,https://youtu.be/QmrGOLNE7Zs?si=QNdpsvtphW8uMgUz,[FRESH] Zach Farlow - Poe Flow ,[fresh] zach farlow - poe flow,,,fresh,LOW,3.0999999999999996
HipHopHeads,[FRESH VIDEO] Ransom & Conductor Williams- BOMAYE,25,2,1763445380.0,https://youtu.be/3rgDRpf8NDk?si=7Stp2MDc2AJ_sWZS,[FRESH VIDEO] Ransom & Conductor Williams- BOMAYE ,[fresh video] ransom & conductor williams- bomaye,,,fresh,LOW,18.1
HipHopHeads,[FRESH] Michael Roady - moneyspreaddd,3,0,1763485815.0,https://open.spotify.com/album/2QZ2oHkkNKG8lFodTxYYWx?si=0dcEyY2PQlKOkUR64ctfSA,[FRESH] Michael Roady - moneyspreaddd ,[fresh] michael roady - moneyspreaddd,,,fresh,LOW,2.0999999999999996
HipHopHeads,[FRESH ALBUM] Chito Rana$ - Hear Me Out (featuring BlueBucksClan + more) [L.A. Trap],2,0,1763486768.0,https://music.apple.com/us/album/hear-me-out/1852323085,[FRESH ALBUM] Chito Rana$ - Hear Me Out (featuring BlueBucksClan + more) [L.A. Trap] ,[fresh album] chito rana$ - hear me out (featuring bluebucksclan + more) [l.a. trap],,,"hit, fresh",LOW,1.4
HipHopHeads,[FRESH ALBUM] Siete7x - Misunderstood,3,1,1763473608.0,https://youtube.com/playlist?list=OLAK5uy_mQh1v1UcH3sDFSYWX3HGTaFobQd5Qf51k&si=b83PjnULq1ixn3wH,[FRESH ALBUM] Siete7x - Misunderstood ,[fresh album] siete7x - misunderstood,,,fresh,LOW,2.3999999999999995
HipHopHeads,"Pink Siifu Announces New Album ""ONYX'!"" Releasing on November 28th",88,14,1763404015.0,https://www.reddit.com/r/hiphopheads/comments/1ozo1vk/pink_siifu_announces_new_album_onyx_releasing_on/,"Pink Siifu Announces New Album ""ONYX'!"" Releasing on November 28th ","pink siifu announces new album ""onyx'!"" releasing on november 28th",onyx'!,,,STABLE,65.8
HipHopHeads,[FRESH VIDEO]  Hit-Boy & The Alchemist - Walk In Faith,42,1,1763407109.0,https://www.youtube.com/watch?v=2NGUBf7gLi4&list=RD2NGUBf7gLi4&start_radio=1,[FRESH VIDEO]  Hit-Boy & The Alchemist - Walk In Faith ,[fresh video] hit-boy & the alchemist - walk in faith,,,"hit, fresh",LOW,29.7
HipHopHeads,[FRESH VIDEO] Jae Millz - Damaged Goods (Goodz Diss),3,0,1763444677.0,https://youtu.be/Ra76RIWeRFM?si=ioaww_XkjoRsbQU8,[FRESH VIDEO] Jae Millz - Damaged Goods (Goodz Diss) ,[fresh video] jae millz - damaged goods (goodz diss),,,fresh,LOW,2.0999999999999996
HipHopHeads,"[FRESH ALBUM] Ben Reilly - SAVE! (featuring WESTSIDE BOOGIE, Jean Deaux + more)",35,3,1763396608.0,https://music.apple.com/us/album/save/1853535726,"[FRESH ALBUM] Ben Reilly - SAVE! (featuring WESTSIDE BOOGIE, Jean Deaux + more) ","[fresh album] ben reilly - save! (featuring westside boogie, jean deaux + more)",,,fresh,LOW,25.4
HipHopHeads,"[FRESH] P$C, Big Kuntry King, Young Dro and T.I. - Havin' My Way",12,8,1763412632.0,https://open.spotify.com/album/3npjUa12X3KEuzIwXJbbXz?si=MwSOPTp8RH-5mWXEqFvXQQ,"[FRESH] P$C, Big Kuntry King, Young Dro and T.I. - Havin' My Way ","[fresh] p$c, big kuntry king, young dro and t.i. - havin' my way",,,fresh,LOW,10.799999999999999
HipHopHeads,[FRESH VIDEO] Paul Wall & DJ Fresh - Dedicated to the game (Official Music Video),9,2,1763414495.0,https://www.youtube.com/watch?v=1sx1Ssea5H4,[FRESH VIDEO] Paul Wall & DJ Fresh - Dedicated to the game (Official Music Video) ,[fresh video] paul wall & dj fresh - dedicated to the game (official music video),,,fresh,LOW,6.8999999999999995
HipHopHeads,[FRESH VIDEO] OBIJUAN X DJ MUGGS - 'MISO',7,0,1763418865.0,https://youtu.be/fadFq7giHiQ?si=0ao3Z2p0NJrKZ5t0,[FRESH VIDEO] OBIJUAN X DJ MUGGS - 'MISO' ,[fresh video] obijuan x dj muggs - 'miso',,,fresh,LOW,4.8999999999999995
HipHopHeads,[FRESH VIDEO] Drake - ICEMAN Episode 3 - CUTDOWN,0,17,1763485491.0,https://youtu.be/IdgGbB7EOkg?si=QMTj618R6eo_oyc6,[FRESH VIDEO] Drake - ICEMAN Episode 3 - CUTDOWN ,[fresh video] drake - iceman episode 3 - cutdown,,,fresh,LOW,5.1
HipHopHeads,"SoFaygo sophomore album 'MANIA' dropping this Friday via Cactus Jack ‚Äì single ""MONEY & CLOTHES"" out now",14,0,1763397380.0,https://www.reddit.com/r/hiphopheads/comments/1ozl0pu/sofaygo_sophomore_album_mania_dropping_this/,"SoFaygo sophomore album 'MANIA' dropping this Friday via Cactus Jack ‚Äì single ""MONEY & CLOTHES"" out now ","sofaygo sophomore album 'mania' dropping this friday via cactus jack ‚Äì single ""money & clothes"" out now",money & clothes,,,LOW,9.799999999999999
HipHopHeads,[FRESH] AmonDogg - Sunshine,3,0,1763421230.0,https://on.soundcloud.com/dnPu1ghMjqPEzTYXIc,[FRESH] AmonDogg - Sunshine ,[fresh] amondogg - sunshine,,,fresh,LOW,2.0999999999999996
HipHopHeads,[FRESH VIDEO] JasonMartin and Mike & Keys - CAFALONIA,7,1,1763397340.0,https://www.youtube.com/watch?v=vcmzWFOGCck,[FRESH VIDEO] JasonMartin and Mike & Keys - CAFALONIA ,[fresh video] jasonmartin and mike & keys - cafalonia,,,fresh,LOW,5.199999999999999
HipHopHeads,[FRESH VIDEO] Jason Flame - Inertia (Ain't Nothing to It),3,1,1763418032.0,https://youtu.be/ooymJVeJ0Hg?si=BdTA_Hn7vVd0lesf,[FRESH VIDEO] Jason Flame - Inertia (Ain't Nothing to It) ,[fresh video] jason flame - inertia (ain't nothing to it),,,fresh,LOW,2.3999999999999995
HipHopHeads,Chief Keef - Rap Shit Ft. Lil Reese,3,0,1763396175.0,https://youtu.be/OOWpRnxMOhI?si=YEt-T2RFNZGMhZtN,Chief Keef - Rap Shit Ft. Lil Reese ,chief keef - rap shit ft. lil reese,,,hit,LOW,2.0999999999999996
HipHopHeads,[FRESH] [HYPE] Lil Negus (feat CoffinSharp & Marble G) -- All Them N*ggas Be Afraid Of Me,0,0,1763456955.0,https://www.youtube.com/watch?v=WDtu41mcViQ,[FRESH] [HYPE] Lil Negus (feat CoffinSharp & Marble G) -- All Them N*ggas Be Afraid Of Me ,[fresh] [hype] lil negus (feat coffinsharp & marble g) -- all them n*ggas be afraid of me,,,"hype, fresh",LOW,0.0
HipHopHeads,"[FRESH] Ab-Soul, Rapsody & Joey Bada$$ - NU-GEE-LA",272,23,1763309000.0,https://www.reddit.com/r/hiphopheads/comments/1oypesv/fresh_absoul_rapsody_joey_bada_nugeela/,"[FRESH] Ab-Soul, Rapsody & Joey Bada$$ - NU-GEE-LA ","[fresh] ab-soul, rapsody & joey bada$$ - nu-gee-la",,,fresh,EMERGING,197.29999999999998
HipHopHeads,[FRESH] Lazzee the Cynic - The Other Side (prod. Lazzee & Sleezee),3,1,1763392187.0,https://youtube.com/watch?v=wa5mRsFpggw&si=Zp3aqWO8fFD8A8nq,[FRESH] Lazzee the Cynic - The Other Side (prod. Lazzee & Sleezee) ,[fresh] lazzee the cynic - the other side (prod. lazzee & sleezee),,,fresh,LOW,2.3999999999999995
HipHopHeads,"Rockie Fresh - ""Thick Bitch (Hit My Jack)""",4,3,1763354872.0,https://youtu.be/bBCaHQXH7Gk?si=yqzYPUHdVrshWiwX,"Rockie Fresh - ""Thick Bitch (Hit My Jack)"" ","rockie fresh - ""thick bitch (hit my jack)""",thick bitch (hit my jack),,"hit, fresh",LOW,3.6999999999999997
HipHopHeads,[FRESH VIDEO] Pitbull & Lil Jon - Damn I Love Miami,16,2,1763323809.0,https://youtu.be/Cj1SCv5HkKE?si=J3hwA0svI7-PmZss,[FRESH VIDEO] Pitbull & Lil Jon - Damn I Love Miami ,[fresh video] pitbull & lil jon - damn i love miami,,,fresh,LOW,11.799999999999999
HipHopHeads,[FRESH] Nhale & Larry June - Ride With Me,9,0,1763315423.0,https://open.spotify.com/album/1nh4dRPaYOOfxZCj4o5msP?si=RIEDczUfQIKmHiSdSwiF5g,[FRESH] Nhale & Larry June - Ride With Me ,[fresh] nhale & larry june - ride with me,,,fresh,LOW,6.3
HipHopHeads,[HYPE] SlimeGetEm - Gore,9,3,1763317559.0,https://www.youtube.com/watch?v=zeCW1K1Np0k,[HYPE] SlimeGetEm - Gore ,[hype] slimegetem - gore,,,hype,LOW,7.199999999999999
HipHopHeads,[FRESH] TopRankGang - Out The Whip (Official Music Video),2,1,1763339649.0,https://youtu.be/SrkMIWWwJ6Y?si=4H6z-4uYrZNxhW2H,[FRESH] TopRankGang - Out The Whip (Official Music Video) ,[fresh] toprankgang - out the whip (official music video),,,fresh,LOW,1.7
HipHopHeads,[FRESH VIDEO] Fokis - Let's Get It,6,1,1763314449.0,https://www.youtube.com/watch?v=I4QnmFVjJjg,[FRESH VIDEO] Fokis - Let's Get It ,[fresh video] fokis - let's get it,,,fresh,LOW,4.499999999999999
HipHopHeads,[FRESH] BiigSlime & Streameum (feat. Don Q) - RJ Barrett,0,0,1763344577.0,https://open.spotify.com/album/0FKXrgdNsIaY7pq6eWyemv?si=VrTSkslgQsmGoX2tYuNPQw,[FRESH] BiigSlime & Streameum (feat. Don Q) - RJ Barrett ,[fresh] biigslime & streameum (feat. don q) - rj barrett,,,fresh,LOW,0.0
HipHopHeads,"[FRESH] GENA, Liv.e, and Karriem Riggins - Circlesz",14,4,1763287255.0,https://open.spotify.com/track/31djYAZR2kl3HotgjFScEi?si=Rq-iA940Thu_3bHIYP5nWQ,"[FRESH] GENA, Liv.e, and Karriem Riggins - Circlesz ","[fresh] gena, liv.e, and karriem riggins - circlesz",,,fresh,LOW,10.999999999999998
HipHopHeads,[FRESH] 11 miles - nezuko freestyle (video),0,2,1763359712.0,https://m.youtube.com/watch?v=qSw_8aeQ8NI,[FRESH] 11 miles - nezuko freestyle (video) ,[fresh] 11 miles - nezuko freestyle (video),,,fresh,LOW,0.6
HipHopHeads,[FRESH VIDEO] YoungBoy Never Broke Again - Zero IQ Freestyle (Official Video),12,35,1763260361.0,https://youtu.be/9dOWTX7BnOg?si=7JZ_yZEawxYB_gzN,[FRESH VIDEO] YoungBoy Never Broke Again - Zero IQ Freestyle (Official Video) ,[fresh video] youngboy never broke again - zero iq freestyle (official video),,,fresh,LOW,18.9
